node,communaute
u_1,0
u_4,1
u_6,2
u_7,0
u_17,0
u_18,0
u_19,0
u_20,2
u_21,4
u_23,1
u_24,4
u_28,0
u_33,1
u_41,0
u_42,0
u_43,2
u_45,0
u_50,1
u_51,1
u_52,4
u_57,0
u_59,1
u_62,4
u_63,0
u_64,0
u_66,0
u_68,4
u_73,4
u_74,1
u_80,4
u_82,0
u_84,1
u_89,5
u_91,0
u_93,0
u_95,0
u_100,1
u_103,0
u_104,2
u_105,6
u_111,4
u_113,1
u_119,4
u_122,4
u_125,4
u_129,0
u_132,0
u_135,0
u_137,0
u_140,7
u_141,4
u_144,0
u_156,1
u_160,1
u_166,0
u_167,0
u_168,1
u_169,2
u_177,4
u_182,1
u_184,4
u_186,1
u_187,1
u_195,0
u_198,0
u_199,0
u_200,4
u_201,0
u_202,1
u_210,4
u_212,4
u_216,1
u_217,1
u_219,0
u_220,0
u_221,1
u_222,0
u_226,0
u_227,4
u_232,4
u_233,0
u_234,2
u_239,0
u_246,4
u_247,0
u_249,4
u_254,0
u_256,4
u_260,1
u_263,0
u_266,0
u_274,2
u_275,1
u_279,4
u_280,4
u_282,0
u_288,1
u_290,1
u_292,4
u_294,1
u_298,0
u_304,0
u_305,4
u_307,7
u_309,1
u_312,1
u_313,1
u_317,0
u_318,6
u_325,1
u_326,6
u_328,0
u_330,0
u_331,4
u_332,0
u_334,0
u_339,4
u_346,1
u_351,6
u_352,4
u_354,0
u_356,0
u_357,2
u_362,0
u_365,4
u_367,2
u_372,0
u_376,0
u_377,1
u_380,4
u_381,4
u_382,4
u_387,1
u_391,1
u_393,4
u_405,1
u_408,4
u_410,1
u_414,8
u_419,4
u_420,0
u_424,0
u_425,0
u_428,0
u_432,3
u_434,0
u_438,0
u_448,7
u_452,0
u_453,0
u_462,1
u_464,0
u_465,1
u_466,4
u_469,1
u_474,1
u_475,4
u_477,2
u_479,1
u_480,0
u_482,0
u_483,7
u_484,2
u_489,2
u_495,4
u_509,4
u_514,0
u_517,2
u_520,0
u_522,0
u_525,4
u_527,1
u_534,4
u_551,4
u_552,0
u_555,1
u_560,4
u_561,0
u_562,3
u_563,2
u_564,4
u_570,0
u_572,1
u_573,4
u_580,0
u_586,4
u_587,1
u_590,0
u_594,2
u_596,4
u_597,1
u_599,1
u_600,1
u_601,4
u_603,1
u_605,2
u_606,1
u_607,1
u_608,0
u_610,4
m_1,0
m_3,2
m_6,0
m_47,0
m_50,0
m_101,1
m_110,0
m_151,0
m_157,0
m_163,0
m_216,0
m_231,0
m_235,1
m_260,0
m_333,2
m_349,0
m_356,0
m_362,2
m_367,0
m_441,1
m_457,0
m_480,0
m_527,0
m_543,0
m_552,0
m_553,2
m_590,0
m_592,0
m_593,0
m_596,2
m_608,0
m_661,2
m_733,0
m_804,1
m_919,1
m_923,1
m_940,0
m_943,1
m_954,0
m_1023,1
m_1024,0
m_1025,2
m_1029,2
m_1031,7
m_1032,2
m_1042,2
m_1049,2
m_1060,0
m_1073,0
m_1080,0
m_1089,0
m_1090,1
m_1092,0
m_1097,0
m_1127,0
m_1136,0
m_1196,0
m_1197,0
m_1198,0
m_1206,0
m_1208,0
m_1210,0
m_1213,0
m_1214,0
m_1220,0
m_1222,0
m_1224,1
m_1226,0
m_1240,0
m_1256,1
m_1265,0
m_1270,0
m_1275,1
m_1278,0
m_1282,2
m_1291,0
m_1298,0
m_1348,1
m_1473,0
m_1500,0
m_1517,0
m_1552,1
m_1573,0
m_1587,1
m_1617,0
m_1620,0
m_1625,0
m_1732,0
m_1777,1
m_1793,0
m_1804,0
m_1805,0
m_1920,0
m_1927,1
m_1954,0
m_1967,0
m_2000,1
m_2005,0
m_2012,4
m_2018,2
m_2028,0
m_2033,0
m_2046,3
m_2048,0
m_2054,0
m_2058,0
m_2078,0
m_2090,0
m_2094,0
m_2096,2
m_2099,1
m_2105,0
m_2115,0
m_2116,1
m_2137,1
m_2139,0
m_2141,2
m_2143,1
m_2161,0
m_2174,0
m_2193,0
m_2268,0
m_2273,4
m_2291,0
m_2329,0
m_2353,4
m_2366,1
m_2387,1
m_2395,1
m_2406,0
m_2427,1
m_2450,1
m_2459,0
m_2470,1
m_2478,0
m_2492,1
m_2502,0
m_2529,1
m_2542,0
m_2571,0
m_2580,1
m_2596,0
m_2616,1
m_2628,0
m_2640,0
m_2641,0
m_2644,0
m_2648,1
m_2654,0
m_2692,0
m_2700,0
m_2716,0
m_2761,2
m_2797,0
m_2826,1
m_2858,0
m_2872,0
m_2899,0
m_2916,0
m_2944,1
m_2947,1
m_2948,4
m_2949,4
m_2959,0
m_2985,3
m_2987,2
m_2991,4
m_2993,4
m_2997,0
m_3033,0
m_3034,2
m_3052,0
m_3053,1
m_3062,1
m_3147,0
m_3168,1
m_3253,0
m_3273,0
m_3386,0
m_3439,0
m_3440,0
m_3441,0
m_3448,1
m_3450,0
m_3479,1
m_3489,4
m_3527,0
m_3578,0
m_3617,2
m_3639,7
m_3671,1
m_3702,0
m_3703,0
m_3729,0
m_3740,1
m_3744,0
m_3793,0
m_3809,2
m_4006,1
m_5060,1
m_106,1
m_125,1
m_162,1
m_176,1
m_215,1
m_232,1
m_265,1
m_319,4
m_342,1
m_345,1
m_348,1
m_368,2
m_475,1
m_492,1
m_538,1
m_588,0
m_708,0
m_800,1
m_892,1
m_898,1
m_899,2
m_902,1
m_904,1
m_908,1
m_910,1
m_912,1
m_914,1
m_920,1
m_930,1
m_1046,4
m_1077,1
m_1084,2
m_1086,1
m_1103,1
m_1179,1
m_1188,1
m_1203,0
m_1219,1
m_1225,1
m_1250,0
m_1259,0
m_1266,0
m_1283,1
m_1288,0
m_1449,1
m_1466,0
m_1641,1
m_1719,1
m_1733,1
m_1834,1
m_1883,1
m_1895,2
m_1914,1
m_1947,1
m_1968,0
m_2076,1
m_2109,1
m_2150,1
m_2186,1
m_2203,1
m_2204,1
m_2351,1
m_2359,0
m_2390,1
m_2467,1
m_2583,1
m_2599,1
m_2683,0
m_2762,0
m_2791,0
m_2843,1
m_2874,1
m_2921,1
m_2926,1
m_3044,1
m_3060,1
m_3083,1
m_3160,1
m_3176,0
m_3204,1
m_3255,7
m_3317,7
m_3365,1
m_3408,0
m_3508,1
m_3851,1
m_3897,1
m_3967,0
m_3996,0
m_4021,1
m_4033,0
m_4034,0
m_4121,1
m_4239,4
m_4246,2
m_4273,1
m_4347,1
m_4765,1
m_4896,4
m_4902,1
m_4967,1
m_2,4
m_5,2
m_7,2
m_11,0
m_15,0
m_16,0
m_17,1
m_22,2
m_24,2
m_26,2
m_32,0
m_34,0
m_36,0
m_41,1
m_43,2
m_46,2
m_54,2
m_60,2
m_61,2
m_62,2
m_76,1
m_86,2
m_89,1
m_92,2
m_93,2
m_95,1
m_104,4
m_112,0
m_141,0
m_145,0
m_146,2
m_150,0
m_158,2
m_160,2
m_168,2
m_195,2
m_207,2
m_210,2
m_212,2
m_222,1
m_225,2
m_230,2
m_236,1
m_237,1
m_248,2
m_250,2
m_252,2
m_257,2
m_261,2
m_262,2
m_271,2
m_274,2
m_276,2
m_277,2
m_281,1
m_292,0
m_304,2
m_314,2
m_315,2
m_316,0
m_317,4
m_318,0
m_329,0
m_337,2
m_339,4
m_340,2
m_350,2
m_351,1
m_353,0
m_354,2
m_355,2
m_361,2
m_364,0
m_370,0
m_377,0
m_380,0
m_415,2
m_432,2
m_434,0
m_440,0
m_450,2
m_454,1
m_468,1
m_469,2
m_474,1
m_477,2
m_491,2
m_500,4
m_508,0
m_515,1
m_516,2
m_542,2
m_569,2
m_587,0
m_594,2
m_595,2
m_597,2
m_609,2
m_616,2
m_631,2
m_637,2
m_647,2
m_700,2
m_709,2
m_711,2
m_736,0
m_780,0
m_783,2
m_802,2
m_830,2
m_835,2
m_838,1
m_848,2
m_852,2
m_986,7
m_991,2
m_996,2
m_1004,2
m_1006,2
m_1061,1
m_1064,2
m_1082,2
m_165,0
m_466,0
m_648,0
m_750,1
m_924,0
m_1101,0
m_1584,0
m_1610,0
m_1917,4
m_2019,1
m_2671,2
m_2717,0
m_3114,4
m_3869,0
m_3916,4
m_4018,4
m_4306,0
m_4370,4
m_4886,4
m_4963,4
m_4993,0
m_4995,0
m_5218,4
m_5349,0
m_5445,0
m_5618,2
m_5816,4
m_5952,0
m_5989,0
m_5991,2
m_6333,0
m_6365,4
m_6539,4
m_6863,4
m_7143,0
m_7153,0
m_7445,4
m_8207,1
m_8360,0
m_8528,4
m_8636,0
m_8665,4
m_8798,4
m_8870,0
m_8908,1
m_8949,0
m_8957,4
m_8958,0
m_8961,0
m_8984,4
m_30812,0
m_31878,4
m_32587,4
m_33162,4
m_34319,4
m_37741,0
m_38388,0
m_42002,4
m_45499,4
m_45517,0
m_48783,0
m_49272,4
m_49278,4
m_44,0
m_111,1
m_293,0
m_296,0
m_541,0
m_589,0
m_858,0
m_1036,0
m_1093,0
m_1100,0
m_1193,0
m_1201,0
m_1209,1
m_1221,0
m_1228,1
m_1234,0
m_1252,1
m_1258,0
m_1263,1
m_1375,0
m_1405,0
m_2194,0
m_3039,0
m_3263,1
m_3435,1
m_3681,1
m_3949,0
m_4226,0
m_4571,0
m_5782,0
m_5971,4
m_6016,0
m_6350,1
m_6870,0
m_7099,1
m_7482,4
m_27773,1
m_31658,4
m_33794,0
m_48394,4
m_48516,0
m_58559,4
m_60069,4
m_64839,4
m_68157,4
m_68358,4
m_77455,6
m_78499,4
m_79132,4
m_80463,4
m_81932,1
m_82459,4
m_70,0
m_180,0
m_223,0
m_288,1
m_431,0
m_555,1
m_586,0
m_628,1
m_745,0
m_778,0
m_849,1
m_913,0
m_1020,0
m_1059,1
m_1095,1
m_1148,2
m_1207,1
m_1212,1
m_1223,0
m_1227,1
m_1245,1
m_1246,0
m_1247,1
m_1260,1
m_1276,1
m_1356,0
m_1370,4
m_1371,1
m_1374,0
m_1527,0
m_1544,4
m_1580,0
m_1653,0
m_1676,0
m_1704,0
m_1721,0
m_1729,0
m_1784,0
m_1892,3
m_1918,1
m_1961,0
m_2001,0
m_2002,2
m_2011,4
m_2278,0
m_2324,0
m_2409,0
m_2410,0
m_2420,0
m_2490,0
m_2706,0
m_2918,0
m_2951,7
m_3081,0
m_3275,0
m_3462,1
m_3751,2
m_3896,4
m_4007,0
m_4011,0
m_4262,0
m_4327,7
m_4383,1
m_4973,0
m_5008,1
m_5120,6
m_5266,4
m_5418,4
m_5464,0
m_5574,4
m_5608,0
m_5669,0
m_5679,0
m_5903,0
m_5956,0
m_5995,0
m_6300,0
m_6373,4
m_6377,0
m_6440,1
m_6787,0
m_6807,1
m_6874,0
m_7018,0
m_7147,0
m_7254,4
m_7361,0
m_7373,4
m_7438,0
m_7753,1
m_7843,0
m_8117,0
m_8368,4
m_8644,4
m_8784,0
m_8917,4
m_8950,0
m_26444,7
m_26614,0
m_27716,0
m_27831,2
m_27878,1
m_30793,4
m_32460,6
m_33615,4
m_34150,4
m_34405,0
m_36529,4
m_37729,0
m_37733,4
m_38038,0
m_38061,4
m_40819,0
m_44022,4
m_44191,4
m_44199,4
m_44555,1
m_44665,0
m_45722,4
m_46578,4
m_47491,4
m_48780,4
m_49651,4
m_50872,4
m_51357,0
m_51540,4
m_51662,4
m_52604,4
m_53125,4
m_54272,0
m_54286,4
m_55118,1
m_55247,4
m_55276,1
m_55290,2
m_55765,4
m_56757,4
m_57640,2
m_57669,4
m_58295,0
m_58299,4
m_59315,4
m_59784,4
m_60040,4
m_60684,4
m_62434,4
m_63131,4
m_64197,4
m_64614,4
m_64957,4
m_65596,0
m_66934,4
m_67255,4
m_68073,7
m_68159,6
m_68319,4
m_68954,4
m_69640,4
m_69757,4
m_69951,4
m_70286,4
m_71108,0
m_71899,3
m_72011,4
m_72998,4
m_73017,4
m_73268,4
m_73321,4
m_73323,4
m_73499,0
m_74458,4
m_74510,4
m_74789,4
m_74948,4
m_76251,4
m_77561,4
m_79695,4
m_79702,4
m_80219,4
m_80489,4
m_81788,4
m_84392,4
m_85354,1
m_85414,4
m_86190,4
m_86332,4
m_86628,6
m_87232,4
m_88140,4
m_89745,4
m_90600,0
m_91485,4
m_91500,4
m_91529,4
m_91542,4
m_91658,4
m_92094,0
m_96432,4
m_96488,6
m_96655,0
m_97752,7
m_98124,4
m_98585,7
m_98809,4
m_99114,4
m_99728,4
m_99813,4
m_102125,4
m_102445,4
m_102903,4
m_103253,4
m_103772,4
m_106072,4
m_106487,4
m_106489,4
m_106839,7
m_107846,0
m_109374,4
m_109487,4
m_110102,4
m_111362,4
m_111759,4
m_112183,4
m_112334,0
m_112421,6
m_112552,4
m_112852,4
m_114060,0
m_114066,0
m_115713,4
m_116797,4
m_116823,4
m_117176,4
m_118900,0
m_119145,4
m_122886,4
m_122892,4
m_122900,4
m_122904,4
m_122918,4
m_122924,4
m_122926,4
m_128620,4
m_134130,4
m_134853,4
m_135569,4
m_139385,4
m_140289,0
m_141688,0
m_142488,4
m_144210,0
m_145283,0
m_148626,4
m_150548,4
m_155168,0
m_157108,0
m_157110,0
m_158238,4
m_158972,6
m_159093,4
m_161582,8
m_162350,4
m_162606,4
m_166015,0
m_166635,4
m_168252,4
m_171023,0
m_176101,4
m_177593,6
m_180777,0
m_185135,4
m_357,0
m_551,0
m_674,1
m_720,1
m_724,1
m_818,1
m_837,2
m_903,1
m_931,1
m_933,1
m_1079,0
m_1269,1
m_1285,1
m_1297,0
m_1372,0
m_1376,0
m_1566,2
m_1658,0
m_1923,0
m_2037,0
m_2041,7
m_2081,2
m_2140,0
m_2253,1
m_2371,0
m_2396,0
m_2423,0
m_2491,2
m_2606,2
m_2723,0
m_2763,0
m_2936,1
m_2968,1
m_3035,0
m_3056,0
m_3070,1
m_3108,1
m_3175,1
m_3213,1
m_3358,1
m_3396,0
m_3421,1
m_3471,0
m_3477,1
m_3745,7
m_3754,2
m_13,2
m_48,2
m_107,2
m_239,2
m_531,2
m_1012,2
m_1013,1
m_1015,2
m_1018,2
m_1022,1
m_1028,2
m_1035,2
m_1088,4
m_1333,1
m_1380,4
m_1489,2
m_1688,4
m_1907,4
m_1919,2
m_2059,2
m_2080,0
m_2083,2
m_2085,2
m_2087,2
m_2089,2
m_2100,1
m_2135,1
m_2294,0
m_2300,1
m_2355,1
m_2394,2
m_2565,1
m_2657,0
m_2687,4
m_2709,2
m_2746,2
m_2804,0
m_2857,2
m_2941,1
m_3159,2
m_3189,2
m_3301,4
m_3397,2
m_3398,2
m_3410,2
m_3438,2
m_3483,4
m_3549,2
m_3755,4
m_3852,0
m_3948,0
m_3977,1
m_3988,2
m_4014,0
m_4016,4
m_4019,0
m_4022,0
m_4025,4
m_4027,0
m_4029,8
m_4039,2
m_4090,2
m_4154,2
m_4161,4
m_4299,4
m_4308,2
m_4310,4
m_4344,4
m_4378,1
m_4446,4
m_4519,1
m_4700,2
m_4720,4
m_4776,0
m_4783,2
m_4816,4
m_4901,0
m_4979,4
m_4990,2
m_5013,2
m_5014,2
m_5015,1
m_5103,4
m_5293,0
m_5299,0
m_5364,2
m_5378,4
m_5388,0
m_5630,0
m_5693,0
m_5785,4
m_6143,2
m_6170,2
m_6297,4
m_6345,2
m_6358,2
m_10,0
m_719,1
m_743,4
m_1722,4
m_2167,0
m_2376,0
m_2424,2
m_2541,4
m_2617,4
m_2989,0
m_2990,4
m_3022,1
m_3082,4
m_3623,4
m_3633,1
m_3635,4
m_3638,4
m_3868,0
m_3984,4
m_4005,4
m_4085,0
m_4489,0
m_4545,3
m_4638,4
m_4701,4
m_4718,4
m_5459,4
m_5872,4
m_6155,4
m_6503,4
m_6548,4
m_6934,4
m_6942,4
m_7569,4
m_7570,4
m_7573,4
m_8529,4
m_8972,4
m_30825,4
m_31433,2
m_31685,4
m_32296,4
m_33004,4
m_33493,4
m_33679,4
m_34048,4
m_36519,4
m_40815,4
m_45186,4
m_45447,4
m_46972,4
m_47566,4
m_47997,4
m_49286,4
m_51084,4
m_52973,4
m_53121,4
m_53322,4
m_53996,4
m_54276,4
m_56775,4
m_58998,4
m_59615,1
m_60074,4
m_60397,2
m_63082,4
m_63113,4
m_63859,4
m_68791,4
m_68793,4
m_69122,4
m_69406,4
m_69526,4
m_69644,5
m_69844,4
m_72378,4
m_76093,4
m_78469,4
m_78637,4
m_79185,4
m_79293,4
m_79592,4
m_81229,4
m_81845,4
m_82202,4
m_84152,4
m_85259,4
m_87520,4
m_88125,4
m_90249,4
m_91535,4
m_91630,4
m_94677,4
m_94777,4
m_95167,4
m_95170,4
m_95441,4
m_95510,4
m_96079,4
m_96588,4
m_97938,4
m_101864,4
m_102481,4
m_103141,4
m_103228,4
m_103335,4
m_103339,4
m_103372,4
m_103384,4
m_103810,4
m_103883,4
m_104211,4
m_104374,4
m_104841,4
m_105653,4
m_105954,4
m_106491,4
m_106696,4
m_106918,4
m_107141,2
m_108190,4
m_109723,4
m_110130,4
m_111617,4
m_111743,4
m_111781,4
m_111844,4
m_112006,6
m_112138,4
m_112175,4
m_114180,4
m_115149,4
m_115502,4
m_115617,4
m_115877,6
m_117368,4
m_117529,4
m_117590,4
m_117922,4
m_119155,5
m_122882,4
m_122896,4
m_122922,4
m_134368,4
m_135133,4
m_135536,4
m_135887,4
m_136020,4
m_138036,4
m_143385,4
m_152081,4
m_164179,4
m_164909,4
m_166492,4
m_167036,4
m_168248,4
m_29,2
m_272,1
m_334,1
m_741,1
m_1050,1
m_1175,1
m_1199,1
m_1217,1
m_1218,1
m_1232,1
m_1233,1
m_1237,1
m_1243,4
m_1249,1
m_1274,1
m_1284,1
m_1464,1
m_1711,1
m_1748,1
m_1809,1
m_1859,1
m_2579,4
m_2686,1
m_2726,1
m_2912,1
m_3000,2
m_3181,1
m_3265,1
m_3822,1
m_4235,0
m_5333,1
m_6234,1
m_6773,1
m_6790,1
m_6857,1
m_6989,1
m_7064,1
m_7123,1
m_7587,1
m_7924,1
m_8012,1
m_8228,1
m_8370,1
m_253,0
m_1396,0
m_1663,1
m_1682,0
m_2421,1
m_4855,0
m_5064,4
m_5673,0
m_5791,1
m_7293,4
m_34437,4
m_35836,4
m_46976,4
m_57368,4
m_61024,4
m_86882,4
m_102407,4
m_132660,2
m_507,0
m_524,1
m_529,1
m_678,3
m_714,4
m_1047,4
m_1200,0
m_1215,1
m_1253,1
m_1358,1
m_1785,1
m_1921,0
m_1953,1
m_2021,0
m_2023,0
m_2358,0
m_3100,2
m_3250,1
m_3272,1
m_3300,0
m_3328,1
m_3360,2
m_3429,0
m_3535,4
m_3555,0
m_3783,1
m_4047,1
m_4223,7
m_4772,0
m_4878,0
m_5010,0
m_5152,0
m_5292,8
m_5747,0
m_6537,0
m_6565,0
m_6617,0
m_6867,6
m_6884,0
m_6947,7
m_7009,0
m_7458,4
m_7481,0
m_7706,7
m_7841,0
m_7842,0
m_8010,0
m_8132,2
m_8378,0
m_8633,0
m_26649,0
m_26695,0
m_26750,0
m_27611,4
m_30707,0
m_30749,4
m_33660,6
m_37386,0
m_39381,1
m_39444,1
m_41863,0
m_43396,0
m_44195,4
m_47894,1
m_48385,4
m_49265,0
m_49530,4
m_52952,4
m_53123,0
m_54503,4
m_54997,4
m_55094,8
m_55721,4
m_55820,0
m_55908,4
m_56174,4
m_59018,0
m_59369,4
m_60046,0
m_60389,0
m_60943,0
m_61167,0
m_61210,0
m_61350,0
m_62849,4
m_63033,0
m_64030,0
m_64716,4
m_64997,0
m_65216,4
m_69849,0
m_71135,4
m_21,1
m_28,1
m_39,4
m_58,1
m_94,8
m_307,1
m_308,1
m_385,1
m_428,1
m_446,1
m_448,1
m_452,1
m_497,1
m_509,1
m_562,1
m_613,1
m_715,1
m_866,1
m_994,1
m_1056,1
m_1280,1
m_1357,1
m_1393,0
m_1446,1
m_1537,1
m_1542,1
m_1545,1
m_1633,1
m_1639,0
m_1673,1
m_1678,1
m_1801,4
m_1885,1
m_1888,1
m_2310,1
m_2333,1
m_2357,1
m_2539,0
m_2690,1
m_2875,1
m_2943,1
m_1307,1
m_2160,1
m_2712,0
m_3285,4
m_3968,4
m_4848,1
m_5377,0
m_6287,0
m_6711,0
m_6763,0
m_6953,1
m_7149,2
m_7173,4
m_8641,4
m_8981,1
m_33166,0
m_34162,4
m_41285,4
m_46723,4
m_47099,4
m_55280,0
m_56941,3
m_61240,3
m_65230,4
m_66097,4
m_71033,7
m_81591,4
m_86781,6
m_87869,4
m_88129,4
m_88163,4
m_89759,1
m_92259,4
m_96829,6
m_97921,4
m_104879,4
m_111921,4
m_112290,4
m_115569,4
m_116897,6
m_128360,4
m_140110,4
m_144,0
m_185,0
m_186,0
m_227,0
m_234,1
m_381,3
m_383,0
m_408,0
m_433,0
m_436,0
m_442,4
m_540,0
m_548,0
m_550,0
m_788,2
m_805,0
m_1027,0
m_1124,1
m_1191,0
m_1231,1
m_1302,0
m_1373,1
m_1378,0
m_1379,0
m_1457,2
m_1476,1
m_1479,0
m_1485,4
m_1488,0
m_1597,0
m_1608,4
m_1614,1
m_1645,0
m_1672,1
m_1835,3
m_1876,0
m_1894,4
m_2110,1
m_2146,0
m_2263,0
m_2297,0
m_2302,1
m_2311,1
m_2335,1
m_2352,1
m_2372,0
m_2407,1
m_2497,0
m_2505,0
m_2568,0
m_2598,1
m_2605,1
m_2694,2
m_2702,1
m_2707,1
m_2735,1
m_2771,0
m_2795,1
m_2796,0
m_2805,4
m_2861,0
m_2871,1
m_2890,0
m_2906,2
m_2915,1
m_3098,1
m_3120,0
m_3142,0
m_3173,0
m_3186,1
m_3210,1
m_3252,0
m_3256,1
m_3257,2
m_3259,1
m_3264,0
m_3298,0
m_3361,1
m_3387,1
m_3481,0
m_3502,0
m_3515,0
m_3552,0
m_3717,4
m_3752,4
m_3753,4
m_3841,0
m_3946,0
m_4002,1
m_4008,1
m_4041,1
m_4062,1
m_4084,0
m_4102,0
m_4280,1
m_4293,0
m_4321,1
m_4322,0
m_4349,1
m_4351,0
m_4359,0
m_4396,7
m_4482,0
m_4487,0
m_4509,0
m_4516,0
m_4541,0
m_4564,0
m_4577,1
m_4621,3
m_4623,0
m_4679,0
m_8,2
m_23,2
m_57,2
m_79,2
m_102,2
m_153,2
m_161,0
m_174,2
m_193,2
m_208,2
m_217,2
m_238,2
m_256,2
m_259,2
m_325,2
m_343,2
m_344,0
m_374,2
m_382,1
m_410,4
m_419,2
m_420,2
m_435,2
m_484,2
m_502,2
m_519,2
m_520,4
m_532,2
m_575,2
m_610,2
m_810,2
m_828,2
m_1105,2
m_19,4
m_88,1
m_671,7
m_765,0
m_784,4
m_785,0
m_832,0
m_1033,2
m_1037,0
m_1242,0
m_1407,0
m_1431,2
m_1442,1
m_1569,0
m_1591,1
m_1753,2
m_1866,1
m_1909,0
m_2006,0
m_2064,1
m_2106,1
m_2124,0
m_2195,0
m_2231,0
m_2431,0
m_2485,4
m_2501,0
m_2504,1
m_2528,0
m_2710,0
m_2731,1
m_2841,0
m_3177,2
m_3196,0
m_3254,0
m_3510,2
m_3534,1
m_3536,2
m_3565,2
m_3798,2
m_3972,1
m_4369,4
m_4734,0
m_4958,4
m_4974,0
m_5151,2
m_5283,4
m_5481,2
m_5500,0
m_5502,4
m_5528,0
m_7294,3
m_33145,0
m_51080,4
m_53993,0
m_969,1
m_1204,1
m_1230,1
m_1251,1
m_1281,1
m_2732,1
m_2925,1
m_3221,1
m_3415,6
m_3730,1
m_4282,1
m_4399,1
m_4658,1
m_4914,1
m_4928,1
m_5932,1
m_6666,1
m_6975,1
m_7063,1
m_7206,1
m_7327,1
m_7396,1
m_7700,1
m_7748,1
m_8143,1
m_8253,2
m_8928,1
m_26258,1
m_26326,1
m_26729,1
m_27156,4
m_32657,2
m_32898,6
m_46862,1
m_62336,4
m_64278,1
m_82848,1
m_92475,6
m_97304,4
m_104283,1
m_105250,6
m_111732,1
m_164280,1
m_165969,6
m_168492,6
m_170705,4
m_171701,1
m_174141,1
m_175705,1
m_190183,1
m_65,1
m_170,0
m_177,1
m_247,1
m_387,1
m_482,1
m_505,1
m_522,1
m_653,2
m_781,1
m_829,1
m_953,2
m_965,1
m_1009,1
m_1186,1
m_1235,1
m_1244,1
m_1257,2
m_1267,1
m_1272,1
m_1287,1
m_1301,1
m_1304,1
m_1350,1
m_1391,1
m_1665,0
m_1674,1
m_1845,1
m_1873,3
m_1994,3
m_1997,3
m_1999,1
m_2015,1
m_2060,1
m_2133,1
m_2148,1
m_2151,1
m_2159,1
m_2169,1
m_2183,1
m_2248,3
m_2249,1
m_2282,1
m_2301,1
m_2321,1
m_2322,1
m_2356,1
m_2374,1
m_2375,1
m_2391,1
m_2454,1
m_2455,1
m_2524,7
m_2533,1
m_2554,1
m_2613,1
m_2615,1
m_2664,1
m_2724,2
m_2788,0
m_2836,8
m_2901,1
m_2978,1
m_2995,1
m_3107,1
m_3115,1
m_3148,1
m_3219,1
m_3363,1
m_3388,1
m_3430,1
m_3501,1
m_3614,1
m_3683,1
m_3763,7
m_3785,4
m_3814,1
m_3863,4
m_3917,1
m_3918,1
m_3959,1
m_3969,4
m_3994,0
m_4215,1
m_4238,1
m_4255,1
m_4267,1
m_4437,1
m_4464,1
m_4496,1
m_4508,2
m_4518,1
m_4713,1
m_4865,1
m_4971,1
m_4992,1
m_5171,4
m_5339,1
m_5505,1
m_5568,1
m_5620,4
m_5712,1
m_6323,4
m_6502,0
m_6659,0
m_6708,0
m_6873,1
m_7000,1
m_7007,4
m_7160,1
m_7757,7
m_7983,1
m_8464,4
m_8533,4
m_8623,1
m_8874,4
m_26680,4
m_34338,0
m_39183,1
m_39414,1
m_42723,1
m_45666,1
m_48774,4
m_48877,1
m_52722,4
m_53953,4
m_54001,4
m_56367,4
m_57532,1
m_60487,1
m_31696,4
m_40583,0
m_47200,4
m_47610,4
m_48304,4
m_48738,0
m_50794,4
m_51255,4
m_52245,4
m_52281,4
m_52328,4
m_54736,2
m_54995,4
m_54999,4
m_61132,4
m_62374,4
m_64620,6
m_65514,4
m_69481,4
m_71535,4
m_79091,4
m_81847,4
m_86892,4
m_93721,4
m_93838,4
m_96811,4
m_110501,4
m_69,0
m_171,0
m_224,0
m_494,2
m_861,0
m_897,1
m_911,1
m_915,1
m_922,1
m_942,1
m_951,1
m_955,1
m_1183,0
m_1248,1
m_1254,1
m_1429,1
m_1513,4
m_1643,1
m_1670,0
m_1747,1
m_1939,1
m_2009,1
m_2067,1
m_2102,0
m_2202,1
m_2403,1
m_2759,2
m_2770,0
m_2917,1
m_2922,7
m_2935,1
m_3020,0
m_3030,0
m_3032,1
m_3045,1
m_3066,0
m_3104,1
m_3105,1
m_3334,1
m_3446,0
m_3466,2
m_3494,7
m_3500,0
m_3507,1
m_3624,2
m_3628,0
m_3632,6
m_3643,0
m_3769,0
m_3811,1
m_3827,4
m_3836,1
m_105,2
m_906,1
m_928,1
m_1094,1
m_1151,1
m_1299,1
m_1361,1
m_1480,1
m_1631,1
m_1696,1
m_1797,1
m_1944,1
m_2020,1
m_2075,1
m_2550,1
m_3075,1
m_3230,1
m_3461,1
m_3498,1
m_3504,1
m_6460,1
m_2953,4
m_4148,4
m_4270,4
m_4367,4
m_6058,4
m_6534,2
m_6541,4
m_6564,0
m_8914,4
m_27660,4
m_27706,4
m_27808,0
m_41566,4
m_41569,4
m_49130,4
m_50804,4
m_51086,4
m_56587,4
m_58047,4
m_58803,4
m_59501,4
m_60072,4
m_60756,4
m_63072,4
m_64969,4
m_67734,4
m_68554,4
m_68848,4
m_71106,4
m_74228,4
m_78105,4
m_79357,7
m_80693,4
m_81564,4
m_81834,4
m_83369,4
m_86880,4
m_86911,4
m_87430,4
m_88405,4
m_89492,4
m_89864,4
m_90866,4
m_94864,4
m_96610,4
m_96821,4
m_96861,4
m_99149,4
m_102123,4
m_103042,4
m_103341,4
m_104863,2
m_106782,4
m_107348,4
m_107406,4
m_108729,6
m_111360,4
m_111659,4
m_112556,4
m_112804,4
m_113741,4
m_114662,4
m_114678,6
m_114935,4
m_115210,4
m_115680,4
m_118696,4
m_122898,4
m_122912,4
m_122916,4
m_122920,4
m_128512,4
m_135143,4
m_135518,4
m_136864,4
m_142222,4
m_143355,4
m_158966,1
m_161131,4
m_166528,4
m_166534,4
m_168250,1
m_170827,4
m_171763,4
m_172591,4
m_173925,4
m_174053,4
m_175303,4
m_175661,4
m_176371,4
m_176601,4
m_179401,4
m_179819,4
m_182715,4
m_183611,4
m_184471,4
m_185031,4
m_187593,4
m_187595,4
m_1202,1
m_1262,1
m_1965,1
m_3088,2
m_4874,6
m_6104,0
m_7132,7
m_7980,0
m_27846,1
m_27904,7
m_33779,0
m_45728,7
m_53972,4
m_54259,4
m_61323,4
m_64285,4
m_67997,4
m_77800,4
m_86290,6
m_89753,4
m_89904,8
m_92494,0
m_92535,4
m_95858,6
m_97913,4
m_98491,4
m_102217,0
m_104069,0
m_108932,4
m_25,0
m_45,1
m_159,6
m_266,0
m_365,1
m_585,1
m_968,1
m_1096,1
m_1120,4
m_1293,0
m_1339,1
m_1343,7
m_1345,1
m_1387,0
m_1408,0
m_1762,0
m_1889,1
m_1912,1
m_2003,1
m_2313,1
m_2699,0
m_2905,0
m_2908,1
m_3041,1
m_3072,1
m_3101,1
m_3247,0
m_3362,1
m_3418,1
m_3499,1
m_3526,1
m_3556,1
m_3608,1
m_4128,0
m_4144,4
m_4380,8
m_4448,0
m_4641,1
m_4964,0
m_4980,4
m_5026,1
m_5225,1
m_5291,1
m_5417,1
m_5617,0
m_5690,1
m_5810,4
m_5878,1
m_5902,1
m_5954,1
m_6188,4
m_6214,6
m_6218,1
m_6281,4
m_6296,2
m_6331,2
m_6385,1
m_6796,0
m_6936,4
m_6944,4
m_6957,2
m_7090,4
m_7139,1
m_7162,7
m_7318,2
m_7360,0
m_7451,4
m_7743,0
m_7930,2
m_7982,1
m_8014,6
m_8093,0
m_8376,4
m_8622,0
m_8645,2
m_8783,4
m_8795,0
m_8832,0
m_8873,6
m_8983,6
m_26504,0
m_27020,1
m_27266,4
m_27523,0
m_27801,0
m_27869,0
m_30810,1
m_33683,4
m_34072,2
m_42632,4
m_18,1
m_172,0
m_273,1
m_282,0
m_523,1
m_535,0
m_612,0
m_663,7
m_799,4
m_1216,0
m_1261,1
m_1346,1
m_1394,1
m_1541,1
m_1769,1
m_1952,1
m_1956,1
m_2257,0
m_2261,8
m_2288,1
m_2312,1
m_2316,0
m_2401,8
m_2463,1
m_2802,1
m_2956,0
m_2966,1
m_3029,1
m_3037,1
m_3063,0
m_3074,1
m_3198,1
m_3201,1
m_3262,1
m_3271,0
m_3355,1
m_3444,0
m_3686,0
m_3697,1
m_3698,1
m_3911,4
m_4079,0
m_4149,0
m_4158,0
m_4203,2
m_4231,2
m_4465,0
m_4499,1
m_4537,1
m_4572,0
m_4581,0
m_4585,0
m_4591,0
m_4611,0
m_4616,0
m_4654,8
m_4787,0
m_5023,0
m_5265,0
m_5329,0
m_5548,0
m_5644,0
m_5957,4
m_6025,6
m_6124,0
m_6378,4
m_6636,0
m_6754,4
m_6786,0
m_6832,0
m_6979,0
m_7004,4
m_7015,0
m_7027,0
m_7046,0
m_7048,0
m_7069,0
m_7127,0
m_7493,0
m_7647,0
m_7766,0
m_8024,0
m_8158,0
m_8493,0
m_31,0
m_140,2
m_303,2
m_539,1
m_875,4
m_932,1
m_1377,2
m_1562,0
m_1586,1
m_1644,0
m_1703,4
m_1792,0
m_1799,1
m_1831,3
m_2111,1
m_2125,4
m_2144,1
m_2334,1
m_2340,4
m_2405,1
m_2572,4
m_2581,2
m_2688,1
m_2806,7
m_2808,2
m_2840,1
m_2881,1
m_2888,4
m_2950,1
m_3005,7
m_3077,1
m_3270,1
m_3554,4
m_3668,1
m_3675,2
m_3704,1
m_3791,2
m_3825,4
m_3882,4
m_4054,2
m_4069,2
m_4326,0
m_4343,4
m_4356,1
m_4387,4
m_4447,4
m_4677,0
m_4877,4
m_4890,2
m_4975,2
m_5219,4
m_5254,1
m_5308,2
m_5313,4
m_5400,4
m_5419,5
m_5444,4
m_5582,4
m_5943,2
m_5955,1
m_6193,0
m_6595,4
m_6879,0
m_6893,7
m_6939,4
m_7010,1
m_7022,4
m_7137,1
m_7256,1
m_7325,0
m_7346,4
m_7541,4
m_7566,1
m_8361,4
m_8807,4
m_8866,2
m_8968,4
m_8970,7
m_8985,4
m_26712,1
m_30822,1
m_32598,4
m_34153,8
m_34542,1
m_40629,4
m_40732,4
m_41571,4
m_41724,4
m_41997,1
m_42718,4
m_44709,1
m_44788,4
m_45431,4
m_45501,2
m_45720,4
m_45928,4
m_45950,4
m_46322,4
m_46530,4
m_46948,7
m_46965,0
m_47970,8
m_47999,4
m_48696,1
m_49961,4
m_50658,1
m_50685,4
m_50740,1
m_51709,2
m_51935,4
m_52435,7
m_52458,4
m_52767,1
m_52975,4
m_53000,4
m_53129,4
m_53894,4
m_54281,7
m_54734,4
m_54881,6
m_55112,4
m_55253,1
m_55282,4
m_55830,7
m_56251,7
m_56339,2
m_56949,4
m_58293,4
m_58347,4
m_59126,4
m_59220,4
m_59421,4
m_59440,4
m_59731,4
m_60126,4
m_62956,7
m_62999,4
m_64575,4
m_64622,4
m_65188,2
m_67087,4
m_67267,4
m_67618,4
m_68659,4
m_68952,7
m_69069,4
m_69394,4
m_69524,4
m_69784,4
m_70183,4
m_70293,4
m_70492,4
m_70521,4
m_71282,4
m_71579,6
m_72489,4
m_72591,4
m_72641,4
m_73023,1
m_74668,1
m_74946,4
m_78703,4
m_79057,4
m_80549,4
m_80860,3
m_80906,4
m_81784,4
m_81910,6
m_83134,4
m_83803,4
m_84772,4
m_86377,4
m_86833,4
m_88744,4
m_88810,4
m_89470,4
m_90576,4
m_93287,7
m_93326,4
m_93510,4
m_93840,4
m_94959,4
m_95218,4
m_95449,4
m_95875,4
m_103249,4
m_114762,2
m_1884,1
m_33495,4
m_44193,4
m_45221,4
m_47122,4
m_47518,4
m_50601,4
m_53460,6
m_55768,4
m_59258,4
m_61250,4
m_68135,4
m_71518,4
m_72226,4
m_76293,4
m_81562,4
m_92509,4
m_93272,4
m_117881,4
m_127202,4
m_128520,4
m_131013,4
m_134393,2
m_138204,4
m_194,1
m_926,1
m_949,1
m_1041,1
m_1185,1
m_1635,1
m_1960,1
m_2010,4
m_2360,1
m_2594,1
m_3006,4
m_3019,1
m_3089,1
m_3246,1
m_3307,1
m_3424,1
m_3735,1
m_4103,1
m_4211,1
m_4427,0
m_4546,1
m_5300,1
m_5304,1
m_5341,1
m_5434,1
m_5632,1
m_5812,1
m_5867,7
m_5890,1
m_6001,1
m_6235,1
m_6244,1
m_6270,1
m_6301,6
m_6305,1
m_6552,1
m_6591,1
m_6791,1
m_6852,1
m_6858,1
m_6993,1
m_7087,1
m_7234,1
m_7323,1
m_7419,0
m_7889,1
m_8154,1
m_8183,1
m_8340,4
m_8341,1
m_8804,1
m_8838,1
m_8951,1
m_26350,1
m_26578,6
m_27721,1
m_31522,1
m_39292,1
m_44937,1
m_47423,1
m_47629,2
m_48698,1
m_49772,1
m_50068,6
m_50274,1
m_52967,1
m_55069,1
m_55363,2
m_55444,1
m_55814,1
m_56782,4
m_57147,1
m_58103,1
m_58154,3
m_2232,3
m_2513,1
m_3826,4
m_4887,4
m_6059,1
m_6952,4
m_7154,0
m_8810,0
m_8861,4
m_42738,4
m_44974,3
m_60030,4
m_65682,4
m_69654,4
m_78266,2
m_78349,4
m_80363,4
m_80831,3
m_81417,4
m_82041,3
m_84189,3
m_84601,4
m_85397,4
m_90405,4
m_90469,4
m_91974,4
m_93297,4
m_96691,4
m_96917,4
m_98361,4
m_98961,4
m_100383,4
m_100810,4
m_103075,4
m_103688,4
m_196,1
m_1690,1
m_2378,0
m_2701,0
m_3452,4
m_4015,0
m_4153,0
m_4388,0
m_4989,4
m_5220,0
m_5296,3
m_5414,0
m_5449,4
m_5507,4
m_5803,0
m_5900,0
m_6014,0
m_6156,0
m_6249,0
m_6338,0
m_6484,0
m_6536,0
m_6586,2
m_6686,5
m_6687,0
m_6702,0
m_6752,0
m_6764,0
m_6886,0
m_6887,4
m_6888,0
m_6949,0
m_6958,2
m_7142,0
m_14,1
m_52,1
m_55,1
m_113,1
m_147,1
m_164,1
m_214,1
m_246,1
m_299,1
m_300,1
m_306,1
m_321,1
m_324,1
m_369,1
m_412,1
m_534,1
m_722,1
m_900,1
m_948,1
m_1057,1
m_1081,1
m_1104,1
m_1131,1
m_1132,1
m_1172,1
m_1177,1
m_1189,1
m_1271,2
m_1292,1
m_1295,1
m_1296,1
m_1300,1
m_1414,1
m_916,1
m_945,1
m_3157,2
m_3315,5
m_3599,2
m_3606,8
m_3991,5
m_4300,5
m_5048,5
m_5092,5
m_5480,5
m_5529,5
m_5621,5
m_6402,5
m_6550,4
m_6604,5
m_7297,2
m_7381,2
m_8238,5
m_8372,5
m_25887,5
m_26183,5
m_26265,5
m_26429,5
m_26645,5
m_27619,5
m_27826,5
m_31925,5
m_32031,5
m_32243,5
m_33090,5
m_33830,5
m_34312,5
m_34332,4
m_35807,5
m_37444,5
m_40339,5
m_40962,5
m_41828,5
m_42761,5
m_44777,5
m_44851,5
m_46105,5
m_47725,5
m_47736,5
m_48649,5
m_48982,4
m_49013,5
m_49274,5
m_49735,5
m_50613,5
m_50999,5
m_51167,5
m_53280,5
m_53355,5
m_53578,5
m_58291,5
m_60289,5
m_60737,5
m_62155,8
m_64116,7
m_66798,5
m_66943,5
m_67888,5
m_69211,5
m_69304,5
m_69469,5
m_69720,5
m_70697,5
m_71264,4
m_72178,5
m_72624,5
m_72692,5
m_72701,5
m_73042,5
m_73822,5
m_74342,5
m_74683,5
m_76143,5
m_76301,5
m_77688,5
m_78142,5
m_78620,5
m_79684,5
m_79897,5
m_80727,5
m_81087,5
m_83969,5
m_84246,5
m_84512,5
m_84944,4
m_85295,5
m_85780,5
m_85881,1
m_86059,5
m_87834,5
m_88069,5
m_88746,5
m_89898,5
m_90717,5
m_91355,5
m_91386,5
m_91666,5
m_92643,5
m_93006,5
m_93022,5
m_94503,5
m_94661,5
m_95543,5
m_95633,5
m_95843,5
m_96608,5
m_96935,5
m_97225,4
m_98279,5
m_99122,5
m_99130,5
m_99853,5
m_102378,5
m_102686,4
m_102747,5
m_102984,5
m_103602,5
m_104339,1
m_104875,5
m_105540,5
m_105746,5
m_106594,5
m_107951,5
m_108078,5
m_108156,5
m_108949,5
m_109241,5
m_109596,5
m_111146,5
m_113252,4
m_115111,5
m_116718,5
m_116738,5
m_116817,5
m_117109,5
m_118270,5
m_118530,5
m_118572,5
m_118834,5
m_118862,5
m_118894,5
m_119714,5
m_120813,5
m_121007,5
m_121097,5
m_121338,5
m_121342,5
m_121469,5
m_121781,5
m_122092,5
m_124273,5
m_124404,5
m_125970,5
m_125974,5
m_126088,5
m_126577,5
m_126921,5
m_127134,5
m_128087,5
m_128089,5
m_128366,5
m_128594,5
m_128852,5
m_128944,5
m_128968,5
m_129011,5
m_129354,4
m_130452,5
m_130518,5
m_131098,5
m_131104,5
m_131130,5
m_131610,5
m_131826,4
m_132153,5
m_132422,5
m_132496,5
m_132584,5
m_132800,5
m_133867,5
m_133879,5
m_134004,5
m_134334,5
m_134847,5
m_135777,5
m_136341,5
m_136353,5
m_136355,5
m_136359,5
m_136503,5
m_136834,5
m_139157,5
m_139640,5
m_139994,5
m_140133,5
m_140481,5
m_140541,5
m_140561,5
m_140711,4
m_141513,5
m_141646,5
m_141928,5
m_142196,5
m_142444,5
m_142550,5
m_142831,5
m_143031,5
m_143559,5
m_145491,5
m_146244,5
m_146684,5
m_146986,5
m_147410,5
m_147936,5
m_148632,5
m_148775,5
m_149350,5
m_149406,4
m_149508,5
m_149566,5
m_150554,5
m_153408,5
m_156025,5
m_156781,5
m_157296,5
m_157775,5
m_158398,5
m_158882,5
m_159069,5
m_163527,5
m_164200,5
m_164226,5
m_164707,5
m_167380,5
m_167854,5
m_169912,5
m_170837,5
m_170993,5
m_171811,5
m_173253,5
m_174681,5
m_176805,5
m_177185,5
m_181065,5
m_182293,5
m_182297,5
m_182299,5
m_182731,5
m_184349,5
m_184791,5
m_173,0
m_384,0
m_464,0
m_485,4
m_533,2
m_606,0
m_1125,1
m_1129,1
m_1241,1
m_1321,4
m_1337,0
m_1347,3
m_1385,1
m_1687,2
m_1771,0
m_1974,1
m_2117,1
m_2122,0
m_2138,1
m_2287,1
m_2298,0
m_2419,1
m_2625,0
m_2668,0
m_2867,1
m_2992,0
m_3013,0
m_3017,0
m_3018,0
m_3031,0
m_3113,4
m_3153,1
m_3182,1
m_3267,1
m_3550,1
m_3708,1
m_3727,1
m_3837,0
m_3840,0
m_4105,1
m_4304,0
m_4386,0
m_4438,0
m_4626,0
m_4645,0
m_4678,0
m_4846,0
m_4850,0
m_5165,0
m_5294,3
m_5479,0
m_5588,0
m_5650,8
m_6242,1
m_6283,0
m_6327,0
m_6395,0
m_6461,1
m_6620,1
m_6629,0
m_6678,0
m_6707,2
m_6721,0
m_6731,0
m_6744,0
m_6755,7
m_6820,0
m_6963,1
m_7028,1
m_7118,1
m_7387,0
m_7492,0
m_7561,0
m_7650,0
m_7802,4
m_8016,7
m_8147,0
m_8157,0
m_8426,0
m_8501,0
m_8581,1
m_27317,0
m_258,0
m_558,0
m_761,0
m_836,0
m_1359,0
m_1499,0
m_1606,0
m_1615,0
m_1779,0
m_2103,0
m_2822,1
m_122,0
m_1011,2
m_1529,1
m_1659,0
m_2952,1
m_3071,1
m_4068,4
m_4126,1
m_4954,0
m_5027,1
m_5072,4
m_5246,0
m_5247,0
m_5619,1
m_5792,0
m_6051,0
m_6288,1
m_6367,2
m_6383,4
m_74,1
m_537,1
m_605,1
m_934,2
m_1091,1
m_1277,1
m_1290,8
m_1441,1
m_1680,1
m_1958,1
m_2108,1
m_2245,1
m_2262,1
m_2468,1
m_2496,1
m_3244,1
m_3261,1
m_3274,2
m_3512,1
m_4643,4
m_5380,1
m_6183,1
m_6785,1
m_1367,2
m_1588,2
m_1693,0
m_1702,1
m_1945,1
m_2088,2
m_2384,1
m_2411,4
m_2720,2
m_3087,0
m_3174,0
m_3468,1
m_4254,4
m_4873,8
m_4881,8
m_7367,8
m_50912,2
m_57522,0
m_58972,0
m_59022,4
m_62553,0
m_65088,7
m_69140,0
m_70728,4
m_77206,0
m_79134,4
m_80572,0
m_80586,8
m_81156,4
m_81819,0
m_86014,0
m_86298,4
m_86815,0
m_87194,0
m_89774,6
m_90522,4
m_90890,0
m_91126,7
m_91653,7
m_91976,6
m_96728,4
m_99764,0
m_105844,6
m_106766,8
m_116799,4
m_134881,7
m_139642,4
m_140715,4
m_471,1
m_901,2
m_918,1
m_936,1
m_1772,2
m_2325,1
m_3844,1
m_4291,1
m_4476,2
m_4663,2
m_4740,2
m_4741,1
m_5541,7
m_6060,2
m_6238,2
m_6535,2
m_6579,2
m_6593,4
m_7034,2
m_7050,2
m_7155,2
m_7380,2
m_8796,0
m_8865,4
m_25937,2
m_41573,2
m_45175,2
m_52287,4
m_54780,2
m_55052,6
m_56171,4
m_72737,4
m_80584,2
m_93805,4
m_94150,2
m_94833,2
m_213,6
m_665,6
m_905,1
m_909,1
m_935,6
m_1111,6
m_1178,1
m_1211,1
m_1289,1
m_1354,1
m_2131,1
m_2495,6
m_2931,6
m_3306,6
m_3310,1
m_3409,4
m_3592,6
m_3629,1
m_3677,6
m_3687,6
m_3742,1
m_3910,1
m_3980,3
m_4325,6
m_4728,1
m_4788,6
m_4823,3
m_5373,6
m_5888,6
m_5889,6
m_5912,6
m_6187,6
m_6433,6
m_6618,0
m_6643,1
m_6777,1
m_6985,6
m_7158,1
m_7317,4
m_7347,4
m_7371,4
m_8025,6
m_8033,6
m_8197,6
m_8511,6
m_8638,1
m_8656,6
m_9010,4
m_26082,1
m_26150,6
m_26184,6
m_26236,6
m_26237,6
m_26340,6
m_26347,6
m_26471,2
m_26587,6
m_26662,4
m_26849,6
m_26903,7
m_27134,6
m_27741,1
m_27803,2
m_27815,7
m_27834,1
m_30803,1
m_32892,6
m_33124,6
m_36363,6
m_37731,6
m_38159,6
m_42191,6
m_48872,6
m_53519,4
m_56060,6
m_56145,2
m_57183,6
m_57504,6
m_58025,4
m_58425,6
m_59387,4
m_60904,6
m_60950,4
m_61236,1
m_63062,4
m_63515,6
m_64993,6
m_66371,4
m_67923,4
m_68237,4
m_69134,6
m_69529,6
m_72104,6
m_72356,6
m_73881,6
m_74324,3
m_74727,6
m_75341,6
m_79333,6
m_80124,6
m_84156,6
m_84844,6
m_84954,4
m_85316,6
m_85736,4
m_85774,7
m_86066,6
m_86320,6
m_86345,4
m_86347,6
m_86504,6
m_88235,6
m_88345,6
m_91261,6
m_93790,6
m_95175,6
m_95311,6
m_95313,6
m_95377,6
m_95654,6
m_96020,6
m_96373,6
m_96606,6
m_98604,6
m_99145,6
m_100553,6
m_100714,6
m_101088,6
m_101962,6
m_102602,6
m_102666,6
m_103235,7
m_104780,6
m_104913,4
m_105593,6
m_106100,4
m_106920,4
m_107159,6
m_107408,6
m_107410,6
m_107412,6
m_108540,6
m_108727,6
m_108981,6
m_109633,6
m_110586,6
m_111622,4
m_116411,6
m_117851,4
m_118166,6
m_118888,4
m_118896,6
m_118985,6
m_119141,4
m_120138,6
m_120466,4
m_120478,6
m_120625,6
m_126090,6
m_126426,6
m_126430,6
m_127052,6
m_127098,6
m_129514,6
m_130970,6
m_130976,6
m_130978,6
m_131237,6
m_133712,6
m_133716,6
m_134041,6
m_134095,6
m_134109,6
m_134170,4
m_134184,6
m_134252,6
m_134326,6
m_134849,6
m_136445,6
m_136447,6
m_138835,6
m_140038,6
m_140265,6
m_141810,6
m_141816,6
m_141818,6
m_141820,6
m_141830,6
m_141836,6
m_141844,6
m_142020,6
m_143511,6
m_145994,6
m_146028,6
m_147196,6
m_147250,6
m_147282,6
m_147286,6
m_147300,6
m_147326,6
m_147328,6
m_147330,6
m_151769,6
m_152591,6
m_159811,6
m_159817,4
m_163072,6
m_163112,6
m_163134,6
m_163386,6
m_163645,4
m_163925,6
m_165959,6
m_166183,6
m_170411,6
m_170597,6
m_170777,6
m_171011,4
m_171749,6
m_172577,6
m_172583,6
m_172585,6
m_172587,6
m_172589,6
m_172637,6
m_172793,6
m_172825,6
m_172909,6
m_173351,6
m_173355,6
m_173535,6
m_173619,6
m_173963,6
m_174551,6
m_175293,6
m_175387,6
m_175397,6
m_175401,6
m_175431,6
m_175435,6
m_178613,6
m_179133,6
m_203,2
m_1856,4
m_1911,2
m_2447,1
m_2718,2
m_4649,4
m_4900,4
m_5110,4
m_5501,4
m_5524,4
m_5564,4
m_5874,4
m_6003,0
m_7225,4
m_7285,2
m_8531,4
m_33646,4
m_36401,4
m_37384,0
m_40581,4
m_44004,4
m_46970,4
m_47640,4
m_48322,4
m_48520,4
m_49396,4
m_54004,4
m_54190,4
m_54732,4
m_55245,4
m_57951,4
m_58156,4
m_59143,2
m_59333,4
m_61255,4
m_62439,4
m_63479,4
m_64032,4
m_65585,4
m_69436,4
m_70565,4
m_70641,4
m_71668,4
m_72167,4
m_74154,4
m_74532,4
m_76077,4
m_78209,4
m_80139,4
m_81537,4
m_83349,4
m_85022,4
m_85367,4
m_86293,4
m_87485,4
m_87529,4
m_87867,4
m_88785,4
m_91323,4
m_93443,4
m_94478,4
m_94953,4
m_95720,4
m_96616,4
m_97836,4
m_98083,4
m_100194,4
m_100390,4
m_100507,4
m_101142,4
m_102720,4
m_104218,4
m_104925,4
m_106916,4
m_110669,4
m_110771,4
m_111113,4
m_113453,4
m_118930,4
m_119153,4
m_121372,4
m_121374,4
m_121715,4
m_123200,4
m_126548,4
m_127116,4
m_127152,4
m_127390,4
m_128097,4
m_128099,4
m_128914,4
m_130520,4
m_133419,4
m_135137,4
m_136471,4
m_136598,4
m_142422,4
m_144606,4
m_148956,4
m_149352,4
m_149354,4
m_151739,4
m_155509,4
m_155812,4
m_157699,4
m_159161,4
m_159441,4
m_160080,4
m_160271,4
m_160289,4
m_160567,4
m_161024,4
m_161580,4
m_162344,4
m_162478,4
m_162602,4
m_165103,4
m_165483,4
m_165671,4
m_165843,4
m_165947,4
m_166461,4
m_167018,4
m_167634,4
m_167746,4
m_168144,4
m_168326,8
m_168418,4
m_168632,4
m_168846,4
m_170357,4
m_170399,4
m_170813,4
m_170817,4
m_171251,4
m_171867,4
m_171891,4
m_172547,4
m_174045,4
m_174815,4
m_176329,4
m_178323,4
m_179211,4
m_179427,4
m_179953,4
m_180265,4
m_183197,4
m_183227,4
m_183959,4
m_184015,4
m_184257,4
m_1014,1
m_1286,1
m_1564,1
m_1600,1
m_1683,1
m_1897,1
m_1955,1
m_2132,1
m_2184,1
m_2331,1
m_2475,1
m_2749,1
m_2764,1
m_2969,1
m_3099,1
m_3251,1
m_3296,1
m_3359,1
m_3451,1
m_3476,1
m_3537,1
m_3546,1
m_3551,1
m_3706,1
m_3831,1
m_4063,1
m_4083,1
m_7454,4
m_31410,1
m_40278,0
m_46337,4
m_51077,4
m_66511,6
m_85020,4
m_89087,4
m_95105,4
m_99112,4
m_103984,4
m_105504,4
m_108689,4
m_109846,4
m_110718,4
m_110730,4
m_112868,4
m_114184,4
m_114795,4
m_117533,4
m_117887,4
m_120635,4
m_127184,4
m_130578,4
m_131023,4
m_131714,4
m_132157,4
m_135532,4
m_136562,4
m_136666,4
m_138210,7
m_141004,4
m_165551,4
m_48043,2
m_52319,4
m_55269,4
m_57528,4
m_70599,4
m_77866,4
m_87306,4
m_95088,4
m_96737,4
m_97306,4
m_99007,4
m_112515,4
m_115122,4
m_121231,4
m_144976,4
m_148652,4
m_152077,4
m_501,1
m_1034,4
m_1726,4
m_1844,4
m_2318,1
m_2600,4
m_3342,4
m_4082,4
m_4738,1
m_5088,4
m_6902,4
m_7008,1
m_7265,4
m_8254,4
m_27022,4
m_27482,4
m_27788,4
m_33201,4
m_45440,4
m_50842,4
m_55278,4
m_58301,4
m_63276,4
m_65130,4
m_65642,7
m_67695,4
m_71057,4
m_71304,4
m_71429,4
m_71520,4
m_75985,4
m_79553,4
m_84952,4
m_86721,4
m_91470,4
m_91690,4
m_91947,4
m_92420,4
m_92694,4
m_93855,4
m_94931,4
m_95690,4
m_95761,4
m_98607,4
m_99117,4
m_99437,4
m_100083,4
m_100882,4
m_101112,4
m_105213,4
m_107630,4
m_110330,4
m_110882,4
m_112623,4
m_117466,6
m_122890,4
m_127096,4
m_127198,4
m_131920,4
m_133217,4
m_133771,6
m_135436,4
m_137857,2
m_139855,4
m_140928,8
m_141408,4
m_141544,4
m_142456,4
m_142509,4
m_149144,4
m_149146,4
m_149830,4
m_151455,4
m_151695,4
m_152083,4
m_152091,4
m_152284,4
m_152970,4
m_156371,4
m_156387,4
m_158783,4
m_158872,4
m_159415,4
m_159717,8
m_160563,4
m_161966,4
m_162082,4
m_167790,4
m_168266,4
m_5159,2
m_6093,8
m_31184,0
m_37830,0
m_4361,0
m_4844,7
m_5992,1
m_6291,1
m_6774,1
m_7444,2
m_7773,0
m_8969,4
m_8973,6
m_48082,7
m_742,2
m_893,0
m_1320,1
m_1422,0
m_1459,0
m_1468,0
m_1483,1
m_1754,1
m_2004,1
m_2792,2
m_3327,7
m_3812,1
m_4066,0
m_4467,1
m_4553,2
m_4634,0
m_1949,1
m_2330,1
m_2940,1
m_3679,1
m_3741,4
m_5177,0
m_5385,0
m_6650,1
m_7001,4
m_7171,0
m_26084,2
m_422,7
m_599,7
m_798,1
m_1010,7
m_1017,1
m_1019,1
m_1021,7
m_1401,7
m_1465,7
m_1518,1
m_1589,4
m_1727,7
m_1950,1
m_1957,7
m_2070,7
m_2077,7
m_2618,7
m_2682,1
m_2889,1
m_2996,7
m_3093,1
m_3155,7
m_3178,0
m_3372,1
m_3654,1
m_3685,1
m_3737,7
m_3873,1
m_3978,2
m_3985,1
m_3998,3
m_4042,7
m_4056,4
m_4187,7
m_4225,7
m_4243,7
m_4259,7
m_4337,7
m_4339,7
m_4535,7
m_4688,8
m_4703,7
m_4795,1
m_4836,1
m_4857,2
m_4880,2
m_4903,7
m_4921,7
m_5016,1
m_5107,7
m_5187,7
m_5267,2
m_5282,7
m_5553,7
m_5699,7
m_5873,2
m_6246,7
m_6279,7
m_6386,7
m_6448,7
m_6753,1
m_6765,2
m_6808,4
m_6950,7
m_7076,7
m_7263,7
m_27821,7
m_31420,2
m_34534,7
m_37727,4
m_37739,7
m_42730,7
m_47644,0
m_49524,7
m_673,1
m_2728,0
m_27416,0
m_154,1
m_376,1
m_417,1
m_425,1
m_764,1
m_851,1
m_869,1
m_947,1
m_999,1
m_1238,1
m_1596,1
m_1684,1
m_1836,1
m_1966,1
m_2130,1
m_2239,1
m_2289,1
m_2349,1
m_2369,1
m_2511,1
m_2734,1
m_2779,1
m_3096,1
m_3134,1
m_3152,1
m_3200,1
m_3224,1
m_3341,1
m_3467,1
m_3473,1
m_3492,1
m_3503,1
m_3506,1
m_4205,1
m_5577,6
m_5637,1
m_5788,1
m_5847,1
m_5945,1
m_6299,1
m_6509,1
m_6658,1
m_6684,1
m_7089,1
m_7107,1
m_8128,1
m_8571,1
m_8614,1
m_26313,1
m_31038,1
m_85,1
m_198,1
m_718,1
m_748,1
m_839,2
m_1107,1
m_1411,1
m_1590,1
m_1627,1
m_1713,1
m_1734,1
m_2118,1
m_2314,1
m_2769,1
m_3357,1
m_3593,1
m_3616,2
m_3858,1
m_4055,1
m_4381,1
m_4450,1
m_4735,1
m_55232,4
m_514,0
m_2413,0
m_5146,1
m_3543,1
m_3788,1
m_4406,1
m_6662,1
m_7156,4
m_7333,1
m_7934,1
m_26078,1
m_26131,1
m_33564,1
m_73,2
m_455,3
m_1030,2
m_1083,2
m_1416,3
m_1487,2
m_1962,1
m_2017,1
m_2084,2
m_2942,2
m_3287,2
m_3594,2
m_4142,2
m_4193,0
m_4373,2
m_4639,2
m_4799,7
m_4867,2
m_4936,2
m_4951,2
m_4994,2
m_5108,2
m_5222,1
m_5415,2
m_5472,2
m_5941,2
m_6005,2
m_6266,2
m_6339,1
m_6568,2
m_7045,2
m_7060,2
m_7080,2
m_7375,2
m_7614,2
m_8008,2
m_946,4
m_971,1
m_1929,1
m_1931,1
m_1936,1
m_1938,1
m_2176,1
m_2227,1
m_3364,1
m_3801,1
m_3964,4
m_4366,4
m_4920,1
m_5066,4
m_5387,4
m_6412,1
m_6429,4
m_6856,1
m_7054,1
m_7078,2
m_7121,1
m_7243,4
m_7302,4
m_7366,0
m_8600,1
m_8695,4
m_8718,4
m_8808,2
m_25771,1
m_25797,4
m_25827,1
m_25856,4
m_25906,4
m_30816,4
m_31297,4
m_35957,4
m_42015,4
m_43560,4
m_45880,4
m_49389,4
m_51925,4
m_55872,7
m_56152,4
m_56788,0
m_61406,8
m_62293,4
m_63876,6
m_64983,4
m_65261,4
m_71970,4
m_72733,4
m_73015,4
m_74795,4
m_77846,4
m_79139,4
m_84374,3
m_86487,4
m_93008,4
m_98154,4
m_110553,4
m_81,7
m_97,1
m_188,1
m_249,1
m_372,1
m_413,2
m_493,1
m_600,1
m_760,4
m_1173,1
m_1273,4
m_1279,1
m_1365,1
m_1432,1
m_1437,1
m_1447,1
m_1546,1
m_1611,1
m_1649,1
m_1695,1
m_1730,1
m_1833,2
m_1916,1
m_1941,1
m_1963,1
m_2022,1
m_2025,8
m_2034,1
m_2126,0
m_2181,1
m_2295,1
m_2320,1
m_2336,1
m_2443,7
m_2474,0
m_2551,1
m_2563,1
m_2567,7
m_2607,1
m_2672,1
m_2691,1
m_2696,1
m_2730,1
m_2765,1
m_2782,1
m_2863,1
m_2924,1
m_2971,1
m_2976,1
m_3003,1
m_3078,1
m_3117,1
m_3150,1
m_3158,1
m_3185,1
m_3323,1
m_3474,1
m_3521,1
m_3598,1
m_3618,1
m_3747,1
m_3761,1
m_3784,2
m_3862,8
m_3888,1
m_3901,1
m_3915,0
m_3925,1
m_3950,1
m_3979,7
m_3992,1
m_3993,8
m_4017,1
m_4032,1
m_4037,1
m_4052,7
m_4133,3
m_4146,1
m_4152,1
m_4157,1
m_4160,1
m_4178,1
m_4307,1
m_4313,1
m_4350,1
m_4389,1
m_4407,1
m_4439,1
m_4628,1
m_4642,0
m_4644,1
m_4681,1
m_4699,1
m_4727,1
m_4811,1
m_4826,1
m_4849,1
m_4888,1
m_4889,0
m_4911,1
m_4919,1
m_4941,1
m_4959,1
m_4978,1
m_5011,1
m_5046,1
m_5062,1
m_5083,1
m_5095,1
m_5131,1
m_5155,1
m_5298,7
m_5316,1
m_5325,1
m_5379,1
m_5420,1
m_5421,1
m_5423,1
m_5425,1
m_5498,1
m_5522,7
m_5530,1
m_5615,1
m_5628,7
m_5646,4
m_5668,1
m_5772,4
m_5818,1
m_5881,2
m_5959,0
m_6041,1
m_6062,1
m_6067,1
m_6192,1
m_6217,1
m_6285,1
m_6303,1
m_6330,1
m_6335,1
m_6341,1
m_6551,1
m_6571,1
m_6572,1
m_6588,1
m_6645,2
m_6679,1
m_6688,1
m_6881,1
m_6890,1
m_6932,1
m_6969,1
m_6971,1
m_6978,4
m_7038,1
m_7264,1
m_7299,1
m_7352,0
m_7354,1
m_7698,1
m_8042,1
m_70533,1
m_74754,4
m_109578,4
m_122906,4
m_127212,4
m_148978,4
m_157369,4
m_158035,4
m_161594,4
m_162968,4
m_164917,4
m_165639,4
m_166291,4
m_168090,4
m_168218,4
m_170907,4
m_172705,4
m_173235,4
m_174055,4
m_174479,4
m_175585,4
m_177939,4
m_178827,4
m_180297,4
m_180497,4
m_181413,4
m_189333,4
m_191005,4
m_193565,4
m_193571,4
m_193573,4
m_193579,4
m_193581,4
m_193583,4
m_193585,4
m_193587,4
m_379,1
m_512,1
m_950,1
m_952,2
m_1334,1
m_2013,7
m_2035,1
m_2082,1
m_2208,1
m_2266,1
m_2346,1
m_2527,1
m_2530,1
m_2532,1
m_2662,0
m_2713,1
m_2819,1
m_3068,1
m_3203,1
m_3516,1
m_3711,1
m_3927,1
m_4232,4
m_4813,1
m_4969,1
m_5039,1
m_5181,1
m_5214,1
m_5357,1
m_5493,1
m_5497,1
m_5540,1
m_290,1
m_390,1
m_1827,1
m_2557,1
m_2810,1
m_3091,1
m_3627,1
m_4640,1
m_4785,1
m_5244,1
m_5570,0
m_5909,4
m_6368,1
m_7044,4
m_7844,1
m_7976,1
m_7981,4
m_8491,1
m_8582,1
m_8607,7
m_25788,1
m_25825,1
m_26122,1
m_26776,4
m_26840,1
m_27397,1
m_27592,4
m_27850,1
m_27879,1
m_27912,1
m_31364,1
m_32387,1
m_33138,1
m_33421,1
m_33896,1
m_37240,4
m_39427,1
m_39869,1
m_46572,1
m_49932,1
m_1392,1
m_2155,1
m_3347,1
m_3983,1
m_4067,8
m_4452,0
m_1619,6
m_1735,6
m_2065,1
m_2744,0
m_3436,1
m_3746,0
m_3894,0
m_4023,2
m_5607,0
m_1303,1
m_2171,1
m_2670,1
m_2973,1
m_3129,1
m_8833,1
m_45210,4
m_53550,7
m_57243,2
m_762,2
m_2145,1
m_3004,2
m_8910,1
m_44761,2
m_62299,4
m_63433,4
m_2136,1
m_242,1
m_371,1
m_456,1
m_580,1
m_679,1
m_1147,1
m_1184,1
m_1305,1
m_1959,1
m_2243,1
m_2344,1
m_2414,1
m_2457,8
m_2476,1
m_2553,1
m_2745,1
m_2983,1
m_3036,1
m_3194,1
m_3260,1
m_3269,2
m_3329,1
m_3402,1
m_3470,1
m_3505,1
m_3528,1
m_3699,1
m_3724,1
m_5944,4
m_7649,1
m_7810,4
m_7811,4
m_7812,1
m_40697,4
m_51562,4
m_56915,4
m_62834,4
m_62836,4
m_77795,4
m_90647,4
m_98243,4
m_100611,4
m_106642,4
m_113378,4
m_117192,4
m_117646,4
m_119167,4
m_128842,4
m_130444,4
m_140359,4
m_146662,4
m_147372,4
m_147374,4
m_147376,4
m_147378,4
m_147380,4
m_147382,4
m_147384,4
m_150596,4
m_159779,4
m_166203,4
m_177765,4
m_179511,4
m_180031,4
m_83132,4
m_87192,4
m_87234,4
m_92439,4
m_102993,4
m_106002,4
m_106144,4
m_107314,4
m_146656,1
m_161922,4
m_162578,8
m_168366,4
m_170697,4
m_174909,4
m_175197,4
m_180985,8
m_182823,4
m_183897,4
m_188751,4
m_921,1
m_927,1
m_1171,1
m_1948,1
m_2946,1
m_3061,2
m_3422,1
m_3893,1
m_3963,1
m_517,1
m_786,2
m_1812,1
m_2072,1
m_2402,1
m_2870,1
m_3404,1
m_3548,1
m_3557,1
m_36708,7
m_41716,0
m_46850,1
m_55020,0
m_66297,0
m_1430,0
m_62344,0
m_64231,4
m_2469,1
m_3090,1
m_3095,1
m_3529,1
m_4338,1
m_4605,1
m_6306,1
m_6538,1
m_6639,1
m_6663,1
m_6724,7
m_6987,1
m_7013,1
m_7056,1
m_7072,1
m_7215,1
m_7216,1
m_7311,1
m_7728,1
m_8044,1
m_8364,8
m_9018,1
m_25773,1
m_25841,1
m_26375,1
m_27768,1
m_27776,1
m_27820,1
m_27882,1
m_30846,1
m_31437,1
m_31610,1
m_31702,1
m_32022,1
m_32632,1
m_32770,1
m_33154,2
m_2205,0
m_26322,3
m_26732,0
m_66744,6
m_81831,0
m_95949,0
m_96448,0
m_63,2
m_473,0
m_1007,1
m_1194,1
m_1236,1
m_1655,0
m_2134,8
m_2984,0
m_3653,6
m_3688,7
m_4214,1
m_4220,8
m_4502,0
m_4544,2
m_5139,4
m_5584,0
m_6625,0
m_6938,0
m_7103,0
m_8266,1
m_8880,1
m_37720,0
m_45028,1
m_51088,0
m_56805,2
m_38304,2
m_58303,6
m_62644,4
m_85342,6
m_3999,4
m_5666,0
m_6157,0
m_6213,4
m_6862,7
m_7163,0
m_7324,4
m_7379,4
m_8369,4
m_8371,4
m_8530,1
m_8781,1
m_8836,2
m_8937,4
m_8965,2
m_31114,4
m_31225,0
m_34271,2
m_39435,4
m_39446,4
m_39449,4
m_40414,6
m_40826,4
m_43917,8
m_45672,4
m_49793,8
m_49910,8
m_51931,7
m_54256,7
m_58627,4
m_59985,4
m_61352,7
m_61705,4
m_62081,4
m_62511,4
m_62792,4
m_64034,4
m_66203,3
m_66509,4
m_69306,4
m_70301,4
m_70334,4
m_71254,4
m_71464,4
m_71530,4
m_71823,4
m_71838,4
m_72731,4
m_73515,4
m_79224,4
m_81512,4
m_42,2
m_688,2
m_737,2
m_917,2
m_1409,2
m_2050,2
m_2052,2
m_2354,2
m_2373,2
m_3672,1
m_3990,2
m_20,6
m_123,4
m_757,4
m_2585,4
m_3079,4
m_4956,1
m_5279,4
m_7486,4
m_7669,4
m_8327,4
m_27320,4
m_27731,1
m_52885,4
m_61026,4
m_68486,4
m_74508,4
m_80615,4
m_80969,2
m_82461,4
m_83613,4
m_87222,4
m_90888,4
m_94015,4
m_267,4
m_3615,2
m_4470,4
m_4558,4
m_5363,8
m_5463,1
m_8640,3
m_27478,7
m_32029,0
m_45730,1
m_47254,4
m_49822,8
m_49824,2
m_50442,2
m_51037,4
m_51412,4
m_56156,4
m_59900,4
m_61248,4
m_66171,4
m_69278,4
m_72605,6
m_78039,4
m_78088,4
m_79008,2
m_79428,4
m_84942,4
m_85056,2
m_85401,4
m_85510,4
m_86644,4
m_86835,4
m_87298,4
m_88954,4
m_89047,4
m_89804,4
m_90057,4
m_90430,1
m_90439,4
m_90531,4
m_90746,4
m_91094,4
m_91622,4
m_91978,4
m_92507,4
m_93363,4
m_93512,4
m_93831,4
m_94266,7
m_94780,4
m_95309,4
m_95558,8
m_95873,4
m_96411,4
m_96417,7
m_97860,6
m_99750,4
m_99910,4
m_100163,4
m_101525,4
m_102033,4
m_102684,4
m_102716,4
m_103539,4
m_103624,1
m_103980,4
m_104241,4
m_105037,4
m_107953,4
m_108928,7
m_109673,4
m_110297,7
m_110350,4
m_111364,4
m_112070,4
m_114074,4
m_117895,4
m_120799,4
m_159755,4
m_160718,4
m_166643,4
m_167370,4
m_168254,4
m_169984,4
m_175569,8
m_184253,4
m_185029,4
m_338,0
m_5319,7
m_44929,2
m_48883,0
m_204,2
m_453,4
m_4155,2
m_4167,0
m_45668,4
m_121171,4
m_131656,4
m_132046,4
m_140725,4
m_146024,4
m_2766,1
m_2859,1
m_4529,1
m_4711,1
m_5820,1
m_6027,1
m_6370,8
m_6375,7
m_6380,2
m_6709,4
m_7564,1
m_7815,1
m_8011,1
m_8015,1
m_1066,1
m_1810,1
m_5135,1
m_7151,1
m_7879,0
m_8366,0
m_8535,0
m_8827,2
m_2560,0
m_12,6
m_181,4
m_327,1
m_328,2
m_330,2
m_619,2
m_801,1
m_840,2
m_842,2
m_1005,2
m_1255,4
m_1438,2
m_1460,2
m_1461,2
m_1503,1
m_1603,1
m_1646,2
m_1717,1
m_1806,2
m_1848,2
m_1970,2
m_2042,2
m_2093,2
m_2114,1
m_2236,8
m_2296,2
m_2315,2
m_2327,2
m_2328,2
m_2428,2
m_2448,2
m_2517,1
m_2587,7
m_2722,4
m_2772,1
m_2846,1
m_2860,2
m_2986,4
m_3016,4
m_3054,2
m_3146,0
m_3235,1
m_3316,2
m_3354,4
m_3511,2
m_3676,1
m_3693,2
m_3696,2
m_3726,4
m_3786,2
m_3843,2
m_3857,2
m_3861,8
m_3938,2
m_3986,6
m_4143,2
m_4233,2
m_4480,2
m_4533,4
m_4683,2
m_4821,4
m_5047,2
m_5080,2
m_5452,2
m_5569,2
m_5585,2
m_5667,2
m_5833,4
m_5843,2
m_5853,2
m_6196,4
m_6250,2
m_6290,2
m_6379,2
m_6464,2
m_6559,2
m_6664,4
m_6715,2
m_6868,7
m_7117,1
m_7222,2
m_7235,4
m_7236,2
m_7247,7
m_7258,2
m_7321,2
m_7362,1
m_7368,2
m_7376,4
m_7439,0
m_7646,2
m_7845,4
m_7894,7
m_8142,4
m_8225,2
m_8241,2
m_8578,2
m_8831,2
m_8906,2
m_26242,2
m_26492,2
m_26523,2
m_26736,2
m_26778,2
m_26870,2
m_27311,4
m_27604,2
m_27618,2
m_27674,2
m_30745,4
m_31193,2
m_31909,2
m_32213,2
m_33437,4
m_33672,8
m_33834,4
m_34323,2
m_36509,2
m_37382,2
m_38992,2
m_40723,2
m_42013,2
m_43549,2
m_43871,2
m_43921,2
m_44397,4
m_44828,2
m_44840,2
m_45081,4
m_51091,2
m_51498,2
m_53127,2
m_54785,7
m_56012,2
m_56715,0
m_57274,3
m_57536,2
m_59604,2
m_60037,2
m_60161,2
m_60291,2
m_60538,2
m_65126,6
m_68205,4
m_69251,2
m_69275,4
m_70994,4
m_71156,6
m_71211,6
m_73929,2
m_74685,4
m_78574,1
m_79274,4
m_80846,2
m_283,1
m_373,1
m_556,1
m_1123,1
m_1187,1
m_1192,1
m_1406,1
m_1533,1
m_1571,1
m_1594,1
m_1875,1
m_2069,1
m_2073,1
m_2212,1
m_2240,1
m_2247,1
m_2323,1
m_2518,1
m_2575,1
m_2624,1
m_2752,1
m_2824,1
m_2937,1
m_3038,1
m_3046,1
m_3163,1
m_3302,1
m_3384,1
m_3591,1
m_3914,1
m_4061,1
m_4116,1
m_4334,1
m_4345,1
m_4809,1
m_5049,4
m_5241,1
m_5466,1
m_5603,1
m_5723,1
m_5745,1
m_5938,1
m_6122,1
m_6254,1
m_112171,4
m_140174,8
m_27,4
m_1951,1
m_2432,2
m_5970,2
m_51705,4
m_60293,0
m_63992,4
m_67788,4
m_71619,4
m_72407,4
m_78772,4
m_86817,4
m_91077,1
m_91079,4
m_91104,4
m_2379,3
m_2471,1
m_205,1
m_1016,1
m_1425,1
m_1547,1
m_1982,1
m_2095,1
m_2112,1
m_2393,0
m_2418,1
m_2739,2
m_2852,1
m_3846,1
m_3928,1
m_4043,1
m_4459,1
m_4815,1
m_4976,1
m_5025,1
m_5544,1
m_6337,8
m_7150,1
m_7619,1
m_8879,1
m_31700,1
m_31923,1
m_37736,1
m_40959,1
m_42004,1
m_42418,1
m_42732,1
m_47950,1
m_326,1
m_341,1
m_938,1
m_1344,1
m_1964,1
m_2066,1
m_2494,1
m_2660,1
m_2919,1
m_2932,1
m_2988,1
m_3007,1
m_3011,1
m_3217,1
m_3559,1
m_3634,1
m_3713,1
m_3728,1
m_3738,1
m_3849,1
m_3086,4
m_3682,1
m_3871,1
m_4830,4
m_5504,4
m_7720,1
m_33677,7
m_68597,4
m_78893,4
m_82169,4
m_85131,4
m_87522,4
m_100498,4
m_130490,4
m_1135,1
m_1855,1
m_2149,1
m_2350,1
m_2458,1
m_2736,1
m_3040,1
m_3385,8
m_3525,1
m_7460,1
m_7926,0
m_50610,0
m_90376,6
m_136449,1
m_135,0
m_640,0
m_707,0
m_944,1
m_1616,2
m_1686,0
m_2433,1
m_2549,0
m_1979,4
m_6818,4
m_26249,4
m_37380,4
m_44972,4
m_56801,4
m_60514,4
m_62250,4
m_64499,4
m_64501,4
m_65982,4
m_70159,4
m_72294,4
m_72720,4
m_74624,4
m_75813,4
m_79251,4
m_80590,4
m_88812,4
m_89840,4
m_91842,4
m_93270,4
m_94018,4
m_105197,4
m_105585,4
m_109850,4
m_112788,4
m_112818,4
m_112897,4
m_113573,4
m_118706,4
m_131796,4
m_135861,4
m_139644,4
m_140627,4
m_140956,4
m_143969,4
m_145418,4
m_148671,4
m_158027,4
m_160565,4
m_163985,4
m_175,1
m_1126,7
m_1327,1
m_1366,7
m_1498,8
m_2348,1
m_4010,7
m_4040,7
m_4091,7
m_4477,7
m_4662,7
m_5427,7
m_5796,7
m_6811,7
m_26133,2
m_27555,7
m_37857,7
m_52241,7
m_52375,7
m_52867,7
m_55261,7
m_55267,7
m_55272,7
m_58105,4
m_58162,7
m_65738,7
m_65740,7
m_65882,7
m_67408,4
m_973,1
m_1942,1
m_1946,1
m_3171,1
m_3872,1
m_4432,1
m_5398,1
m_6452,1
m_6706,1
m_7218,1
m_7303,1
m_7943,1
m_25886,1
m_680,1
m_1130,1
m_1342,1
m_4036,1
m_4117,8
m_4754,1
m_5446,6
m_5451,1
m_5478,1
m_332,1
m_880,1
m_2275,1
m_2377,1
m_3701,1
m_3771,1
m_4180,1
m_4210,3
m_4915,1
m_5040,1
m_74545,1
m_82667,0
m_110387,0
m_133115,0
m_72,6
m_773,6
m_823,6
m_1419,6
m_3266,1
m_3283,6
m_3412,1
m_3569,6
m_3819,6
m_3845,6
m_3943,6
m_4256,6
m_4612,6
m_4708,6
m_5137,8
m_5238,6
m_5475,1
m_5508,1
m_5838,6
m_6241,6
m_7071,6
m_7124,7
m_7209,1
m_7238,6
m_7459,6
m_7932,6
m_7979,6
m_8190,6
m_8484,6
m_8724,6
m_8748,6
m_8966,0
m_26003,6
m_26048,6
m_26059,6
m_26073,6
m_26158,6
m_26225,6
m_26317,6
m_26713,6
m_26928,6
m_27176,6
m_27186,6
m_27328,6
m_31545,6
m_31952,6
m_32511,6
m_32554,7
m_32906,6
m_32917,6
m_33903,1
m_40148,6
m_40955,0
m_42176,6
m_43869,6
m_44931,6
m_47446,6
m_48001,6
m_48638,6
m_48997,1
m_49347,6
m_49917,6
m_51174,6
m_53574,2
m_53883,6
m_54185,6
m_54354,6
m_55442,2
m_56607,6
m_57772,1
m_58376,6
m_60408,6
m_60766,1
m_60885,6
m_61394,6
m_62113,7
m_62208,6
m_64167,6
m_65037,6
m_65225,6
m_65631,6
m_67508,6
m_68444,6
m_69746,6
m_69953,6
m_70984,7
m_71131,4
m_71453,6
m_71468,6
m_71494,6
m_71745,6
m_72171,6
m_72714,6
m_72921,6
m_73266,6
m_74089,6
m_74226,6
m_74791,6
m_76054,6
m_76738,6
m_77191,6
m_77233,6
m_78836,6
m_79073,6
m_80478,6
m_80553,6
m_81018,6
m_81191,6
m_83827,1
m_83976,6
m_84187,1
m_84273,6
m_84716,6
m_85213,6
m_86237,6
m_86279,6
m_86548,2
m_86922,6
m_87304,8
m_87444,6
m_87660,6
m_90245,6
m_90357,6
m_90528,6
m_90630,6
m_90769,6
m_91128,6
m_91784,6
m_91860,6
m_92422,6
m_92637,6
m_94735,6
m_96084,6
m_97168,6
m_97904,6
m_100044,6
m_100106,6
m_100277,6
m_101741,6
m_102742,6
m_102823,6
m_105254,6
m_109187,6
m_109383,6
m_109968,4
m_111817,6
m_113348,6
m_117364,6
m_117531,6
m_117545,6
m_117849,6
m_118784,6
m_118880,6
m_120761,6
m_121169,6
m_124853,6
m_127114,6
m_127172,6
m_127180,6
m_127204,6
m_127298,6
m_128900,6
m_128902,6
m_128991,6
m_133802,6
m_134019,6
m_134214,1
m_134796,6
m_137337,6
m_138966,6
m_140162,6
m_140737,6
m_140816,6
m_143525,6
m_143859,6
m_143896,6
m_144478,6
m_147002,6
m_148424,6
m_150696,6
m_152065,6
m_155774,6
m_158842,6
m_159976,6
m_160684,6
m_168612,8
m_171495,6
m_173197,8
m_173317,6
m_179135,6
m_184245,6
m_188675,6
m_188833,6
m_30,1
m_80,1
m_183,1
m_190,1
m_233,1
m_347,1
m_1264,1
m_2425,1
m_2848,1
m_2894,1
m_3015,1
m_3733,1
m_3770,1
m_4263,1
m_4500,1
m_4523,1
m_4717,1
m_5004,1
m_5075,8
m_5980,1
m_27866,6
m_36517,4
m_58554,6
m_70451,6
m_71462,4
m_73344,1
m_81257,6
m_84240,6
m_102194,4
m_142448,6
m_2398,1
m_481,1
m_26528,2
m_193609,4
m_3420,0
m_7925,1
m_26564,1
m_80917,0
m_81782,4
m_97757,0
m_1755,0
m_30850,1
m_47404,4
m_59118,0
m_61729,0
m_6869,1
m_56869,4
m_58842,4
m_77177,4
m_81158,4
m_82378,4
m_90345,4
m_92243,4
m_97923,8
m_109687,4
m_115969,4
m_127108,8
m_141749,4
m_165549,8
m_166946,4
m_176751,4
m_521,1
m_2442,1
m_4297,1
m_4404,1
m_4422,1
m_5147,1
m_6286,1
m_6530,1
m_7084,1
m_7820,1
m_7940,1
m_8405,1
m_8507,1
m_32179,1
m_3981,6
m_5106,6
m_6223,6
m_6263,4
m_39400,6
m_40412,4
m_52579,6
m_54787,6
m_55555,6
m_55577,6
m_57843,6
m_88179,6
m_88272,6
m_88932,6
m_89761,6
m_90353,6
m_90471,6
m_92048,6
m_5074,8
m_7122,0
m_34164,0
m_36535,2
m_38886,1
m_44889,0
m_48342,0
m_48744,0
m_53956,7
m_54745,0
m_56921,0
m_59141,0
m_1593,2
m_3243,0
m_6612,1
m_8580,2
m_8998,2
m_27329,2
m_53024,2
m_59810,2
m_73854,2
m_74282,2
m_93040,2
m_96563,2
m_407,4
m_5784,0
m_161127,1
m_165101,4
m_96110,4
m_99106,4
m_128975,4
m_148172,4
m_155820,4
m_156609,4
m_486,2
m_513,2
m_1565,2
m_2430,2
m_3453,2
m_3484,2
m_3646,2
m_3797,2
m_3912,2
m_3987,2
m_4078,2
m_4265,2
m_229,1
m_322,1
m_335,0
m_1390,1
m_67295,0
m_2123,2
m_2793,1
m_3648,1
m_4195,1
m_4294,1
m_4434,1
m_4792,1
m_4942,1
m_5288,1
m_5468,1
m_5919,1
m_6021,1
m_6654,1
m_6656,1
m_6836,1
m_6899,1
m_7304,1
m_7756,1
m_7834,1
m_8138,1
m_27692,1
m_32139,1
m_42556,1
m_62383,1
m_71302,1
m_71999,1
m_80748,1
m_84799,1
m_87287,1
m_92760,1
m_1388,4
m_3156,0
m_4444,4
m_4498,4
m_4744,4
m_5009,4
m_5093,4
m_5506,4
m_5899,4
m_6220,4
m_6615,4
m_6946,4
m_7310,4
m_7846,4
m_8860,4
m_26585,4
m_26865,4
m_27822,4
m_30894,4
m_32456,1
m_40851,4
m_43936,4
m_48142,4
m_52694,4
m_60818,4
m_60979,2
m_63222,4
m_65133,4
m_68194,4
m_71129,4
m_82744,4
m_84414,4
m_88699,4
m_90603,4
m_93563,4
m_94985,4
m_95004,4
m_95149,4
m_95473,4
m_95475,1
m_95497,4
m_102084,4
m_104243,4
m_104419,4
m_108795,4
m_137863,4
m_140247,4
m_151763,4
m_152173,4
m_161634,4
m_162598,4
m_163056,4
m_172497,4
m_172875,4
m_172881,4
m_173145,4
m_179119,4
m_182639,4
m_188301,4
m_2053,4
m_31435,4
m_31804,4
m_43376,1
m_51698,4
m_72395,4
m_1003,4
m_2279,4
m_4632,4
m_4719,0
m_8907,4
m_47124,4
m_48598,1
m_49647,1
m_51939,2
m_53464,4
m_59725,4
m_63540,4
m_65685,4
m_100737,4
m_101362,4
m_110127,4
m_114713,4
m_116887,4
m_130634,4
m_142372,4
m_152079,4
m_160980,8
m_363,1
m_1161,1
m_1329,1
m_1572,1
m_2071,1
m_2074,1
m_2206,1
m_2290,1
m_2303,1
m_2337,1
m_2361,1
m_2488,1
m_2632,1
m_2729,1
m_2750,1
m_2784,1
m_2789,1
m_2970,1
m_3350,1
m_3813,1
m_3947,1
m_4064,1
m_4191,1
m_4278,1
m_4289,1
m_4298,1
m_4392,1
m_4393,1
m_4408,1
m_4409,1
m_4429,1
m_4441,1
m_4552,1
m_4687,1
m_5121,1
m_5489,1
m_5515,1
m_5809,1
m_5984,1
m_6035,1
m_6063,4
m_6100,1
m_6123,1
m_6184,1
m_6405,1
m_6533,1
m_6669,1
m_6713,7
m_6783,1
m_6885,1
m_6918,1
m_6920,1
m_6981,1
m_7024,1
m_7088,1
m_7091,7
m_7116,1
m_7301,1
m_7328,1
m_7336,1
m_7745,1
m_7749,1
m_7895,1
m_7936,1
m_7937,1
m_7938,1
m_7939,1
m_8188,1
m_8195,1
m_8196,1
m_8199,1
m_8239,1
m_8270,1
m_8512,1
m_8542,7
m_8596,1
m_8670,1
m_25898,1
m_25963,1
m_26002,1
m_26052,1
m_26151,1
m_26171,1
m_26231,1
m_26303,1
m_26694,1
m_31737,1
m_32314,1
m_37545,1
m_40966,1
m_44694,2
m_52644,1
m_54116,1
m_199,1
m_627,1
m_695,1
m_1150,1
m_1900,1
m_2708,1
m_3055,1
m_3067,1
m_4237,1
m_4562,1
m_5202,1
m_5470,1
m_5477,1
m_5537,1
m_130842,4
m_6023,1
m_7134,1
m_26554,1
m_26810,1
m_27664,1
m_59814,1
m_70708,1
m_77266,1
m_2416,1
m_6776,1
m_54648,4
m_59014,4
m_70305,4
m_85412,4
m_87785,4
m_136540,4
m_389,1
m_427,1
m_549,1
m_670,1
m_824,1
m_1085,1
m_3161,1
m_3823,1
m_3855,1
m_4077,1
m_4175,1
m_4276,1
m_4333,1
m_209,8
m_251,8
m_280,8
m_490,8
m_574,8
m_735,4
m_1121,8
m_1268,0
m_1484,1
m_1656,8
m_1689,8
m_1840,4
m_2182,1
m_2472,8
m_2751,8
m_2877,1
m_2883,8
m_2928,8
m_3008,8
m_3111,1
m_3145,8
m_3169,1
m_3308,1
m_3378,8
m_3480,1
m_3566,1
m_3725,8
m_3790,0
m_3900,8
m_3951,8
m_3952,8
m_4147,1
m_4168,8
m_4248,8
m_4275,8
m_4312,8
m_4329,8
m_4372,8
m_4451,8
m_4458,8
m_4475,8
m_4478,8
m_4488,8
m_4583,8
m_4595,8
m_4600,8
m_4617,8
m_4745,1
m_4771,8
m_4965,8
m_5068,8
m_5071,8
m_5073,1
m_5134,8
m_5178,8
m_5237,8
m_5240,8
m_5285,8
m_5303,1
m_5322,8
m_5328,8
m_5391,8
m_5416,8
m_5422,8
m_5460,1
m_5483,1
m_5485,8
m_5521,8
m_5563,8
m_5589,8
m_5611,8
m_5625,8
m_5633,1
m_5663,8
m_5680,8
m_5685,1
m_5688,8
m_5817,8
m_5829,8
m_5876,0
m_5896,8
m_5949,8
m_5968,8
m_5993,8
m_5994,1
m_6002,1
m_6022,8
m_6116,8
m_6159,8
m_6162,1
m_6185,8
m_6195,1
m_6197,1
m_6216,8
m_6268,8
m_6269,1
m_6322,0
m_6334,1
m_6442,7
m_6542,8
m_6567,8
m_6582,8
m_6598,8
m_6689,8
m_6710,0
m_6780,8
m_6816,8
m_6851,8
m_6954,1
m_6974,8
m_7033,1
m_7104,8
m_7176,8
m_7193,8
m_7248,8
m_7251,8
m_7348,4
m_7364,8
m_7884,8
m_8119,8
m_8587,8
m_8915,8
m_8919,3
m_8952,8
m_8954,8
m_25834,8
m_26704,8
m_27873,1
m_30820,1
m_30848,1
m_31101,8
m_33838,8
m_34326,8
m_34536,8
m_36527,8
m_39231,1
m_39234,1
m_40614,8
m_41527,1
m_42602,8
m_42728,8
m_44204,1
m_44864,1
m_45062,8
m_46347,8
m_46559,8
m_48326,8
m_49132,1
m_49280,1
m_51694,8
m_52299,8
m_52668,8
m_52712,8
m_52784,8
m_53447,8
m_55080,8
m_55995,8
m_56379,8
m_56908,8
m_58876,8
m_58879,8
m_60128,8
m_66665,8
m_68932,8
m_70862,8
m_76763,8
m_77364,8
m_80126,8
m_95135,8
m_103048,8
m_109848,8
m_112940,8
m_115828,8
m_127130,8
m_154358,8
m_166024,8
m_166568,8
m_167570,8
m_169992,8
m_171765,8
m_173205,8
m_173209,8
m_176423,8
m_177615,8
m_178061,8
m_179817,8
m_180045,8
m_1412,4
m_6880,4
m_27704,4
m_50851,4
m_69860,4
m_71379,3
m_74750,4
m_79677,4
m_86668,4
m_89580,4
m_90943,4
m_97866,4
m_3545,1
m_8337,1
m_8577,0
m_26693,0
m_53468,3
m_136469,0
m_782,0
m_5055,0
m_2676,3
m_3707,3
m_5532,3
m_5891,3
m_8588,3
m_8939,0
m_27708,3
m_33893,3
m_45503,3
m_66090,3
m_68347,3
m_71902,3
m_80880,3
m_85885,3
m_89208,3
m_92348,3
m_92391,3
m_74452,0
m_1675,0
m_1858,0
m_2681,0
m_2879,0
m_2880,0
m_3103,0
m_3865,0
m_3898,0
m_4453,0
m_4721,0
m_4736,0
m_4743,0
m_5324,0
m_5401,0
m_5409,2
m_5580,0
m_5882,4
m_6264,0
m_6265,0
m_6549,2
m_6992,0
m_7017,2
m_7169,2
m_7255,0
m_8643,2
m_8864,0
m_32596,0
m_36525,0
m_47044,0
m_941,7
m_2051,7
m_2693,1
m_3057,7
m_3249,7
m_4132,7
m_4660,7
m_4866,0
m_4981,7
m_5250,1
m_5382,7
m_5490,7
m_5915,7
m_6427,7
m_26386,7
m_46062,7
m_48262,7
m_49688,7
m_58351,7
m_66785,7
m_71466,7
m_78034,7
m_78116,7
m_79946,7
m_80864,7
m_82527,7
m_83374,7
m_84696,7
m_89305,7
m_95508,7
m_97870,7
m_98230,7
m_101895,7
m_104078,7
m_105211,7
m_106062,7
m_106438,7
m_113532,7
m_114028,7
m_115231,7
m_129659,7
m_132333,7
m_134859,7
m_138208,7
m_152105,7
m_155659,7
m_2338,0
m_2531,1
m_4814,0
m_2558,0
m_2582,0
m_2839,0
m_3208,0
m_3240,0
m_3241,0
m_3248,0
m_3326,0
m_3538,0
m_3756,0
m_3787,0
m_3821,0
m_4234,0
m_1648,1
m_2677,1
m_2866,1
m_3859,1
m_3989,1
m_4236,1
m_4697,1
m_4863,1
m_4977,1
m_5205,1
m_5224,1
m_5239,1
m_5986,1
m_6064,1
m_6611,1
m_6775,1
m_6935,1
m_6945,1
m_6966,1
m_7181,1
m_7620,1
m_7767,1
m_7786,1
m_7920,1
m_26359,1
m_26524,1
m_27563,1
m_32582,1
m_33639,1
m_34528,1
m_38198,1
m_45382,1
m_46855,1
m_55156,1
m_58191,1
m_60333,4
m_67665,1
m_71640,1
m_80862,1
m_82857,1
m_89090,1
m_100556,1
m_103107,1
m_105835,1
m_107702,1
m_109161,1
m_127136,1
m_148982,1
m_152711,1
m_160644,1
m_162414,1
m_167064,1
m_179813,1
m_183199,1
m_183317,1
m_184721,1
m_187717,1
m_188189,1
m_56169,0
m_60832,0
m_63853,0
m_1783,1
m_3649,1
m_3723,1
m_3732,1
m_451,1
m_1078,2
m_1924,1
m_1934,1
m_3445,1
m_3469,1
m_3832,1
m_96,1
m_116,1
m_421,1
m_668,1
m_728,1
m_929,1
m_956,1
m_959,1
m_970,1
m_1068,1
m_1099,1
m_1340,1
m_1353,1
m_1399,1
m_1413,1
m_1423,1
m_1496,1
m_1507,1
m_1650,1
m_1893,1
m_1902,1
m_1913,2
m_1928,1
m_1932,1
m_1937,1
m_1940,1
m_2097,1
m_2180,1
m_2185,1
m_2187,1
m_2210,1
m_2612,1
m_2697,1
m_2757,1
m_2801,1
m_2927,1
m_2929,1
m_2930,1
m_2967,1
m_3097,1
m_3102,1
m_3125,1
m_3135,1
m_3211,1
m_3330,1
m_3368,1
m_3447,1
m_3475,1
m_3478,1
m_3609,1
m_3641,1
m_3739,1
m_3789,1
m_3816,1
m_3932,1
m_3965,1
m_3966,1
m_4046,1
m_4080,1
m_4113,1
m_4164,1
m_4171,1
m_4184,1
m_4190,1
m_4217,1
m_4218,1
m_4292,1
m_4419,1
m_4433,1
m_4484,1
m_4495,1
m_4578,1
m_4672,1
m_4796,1
m_4798,1
m_4801,1
m_4804,1
m_4835,1
m_4871,1
m_4970,1
m_4998,1
m_5012,1
m_5034,1
m_5114,1
m_5116,1
m_5231,1
m_5397,1
m_5404,1
m_5450,1
m_5525,1
m_5527,2
m_5572,1
m_5601,1
m_5602,1
m_5604,1
m_5682,1
m_5799,1
m_5802,1
m_5826,1
m_5963,1
m_6020,1
m_6031,1
m_6090,1
m_6101,1
m_6163,1
m_6178,1
m_6181,1
m_6201,1
m_6228,1
m_6232,1
m_6245,1
m_6273,1
m_6289,1
m_6390,1
m_6400,1
m_6422,1
m_6454,1
m_6466,1
m_6515,1
m_6545,1
m_6592,1
m_6609,1
m_6660,1
m_6667,1
m_6768,1
m_6770,1
m_6810,1
m_6898,1
m_6909,1
m_6911,1
m_6912,1
m_6948,1
m_6962,1
m_6965,1
m_6970,1
m_6982,1
m_6984,1
m_6990,1
m_7019,1
m_7036,1
m_7053,1
m_7055,1
m_7057,1
m_7058,1
m_7059,1
m_7061,1
m_7062,1
m_7070,1
m_7074,1
m_7075,1
m_7082,1
m_7085,1
m_7086,1
m_7092,1
m_7093,1
m_7141,1
m_7164,7
m_7177,1
m_7190,1
m_7208,1
m_7211,1
m_7212,1
m_7217,1
m_7219,1
m_7326,1
m_7357,1
m_7382,1
m_7386,1
m_7440,1
m_7479,1
m_7560,1
m_7572,1
m_7579,1
m_7581,1
m_7584,1
m_7618,1
m_7624,1
m_7702,1
m_7705,1
m_7713,1
m_7714,1
m_7716,1
m_7762,1
m_7772,1
m_7789,1
m_7826,1
m_7831,1
m_7832,1
m_7833,1
m_7835,1
m_7839,1
m_7883,1
m_7888,1
m_7896,1
m_8019,1
m_8094,1
m_8125,1
m_8167,1
m_8191,1
m_8232,1
m_8235,1
m_8275,1
m_8293,1
m_8302,1
m_8331,1
m_8336,1
m_8338,1
m_8410,1
m_8424,1
m_8451,1
m_8458,1
m_8459,1
m_8461,1
m_8463,1
m_8465,1
m_8482,1
m_8492,1
m_8518,1
m_8521,1
m_8534,1
m_8591,1
m_8609,1
m_8610,1
m_8611,1
m_8650,1
m_8684,1
m_8730,1
m_8753,1
m_8754,1
m_8774,1
m_8778,2
m_8809,1
m_8813,1
m_8875,1
m_8920,1
m_8921,1
m_8938,1
m_8979,1
m_8989,1
m_25750,1
m_25752,1
m_25753,1
m_25757,1
m_25769,1
m_25795,1
m_25826,1
m_25850,1
m_25865,1
m_25870,1
m_25940,1
m_25952,1
m_25996,1
m_25999,1
m_26116,1
m_27408,1
m_27790,4
m_27838,1
m_30898,1
m_31030,1
m_31116,1
m_31260,1
m_31694,1
m_31903,1
m_32584,1
m_33781,1
m_34359,1
m_35015,1
m_36276,1
m_36537,1
m_42018,1
m_42740,1
m_43333,1
m_44511,1
m_46974,1
m_47465,4
m_48741,1
m_48879,1
m_49220,1
m_50160,2
m_50514,1
m_51884,1
m_53921,1
m_55071,1
m_55687,1
m_56563,1
m_546,2
m_1701,1
m_1882,2
m_2036,2
m_3720,2
m_4454,2
m_4725,2
m_5069,2
m_5348,2
m_6148,2
m_6166,2
m_6584,2
m_7051,2
m_7335,2
m_8126,2
m_8169,2
m_27537,2
m_42422,2
m_54771,2
m_55167,2
m_59037,2
m_60760,2
m_68945,1
m_70687,2
m_72224,2
m_72308,2
m_74553,2
m_78746,2
m_82242,2
m_82,1
m_346,1
m_2362,1
m_2891,1
m_4410,1
m_5365,1
m_4247,0
m_4733,0
m_6436,0
m_8131,0
m_26965,0
m_32291,1
m_32294,0
m_33171,0
m_33880,1
m_36477,0
m_43460,0
m_43708,0
m_43914,0
m_45442,0
m_46967,1
m_47646,0
m_2170,0
m_2803,1
m_6566,0
m_8268,2
m_2483,7
m_3076,7
m_5965,7
m_26606,7
m_27370,7
m_42734,4
m_68522,7
m_72554,7
m_76173,7
m_79242,7
m_82499,7
m_87483,7
m_88448,7
m_89586,7
m_90863,7
m_94070,2
m_94810,7
m_95939,7
m_100068,7
m_101612,7
m_101765,7
m_103801,7
m_104076,7
m_104303,7
m_109971,7
m_998,2
m_4759,2
m_5786,2
m_5942,2
m_6616,2
m_8363,2
m_8593,2
m_32009,2
m_34530,2
m_42725,2
m_58315,2
m_65802,2
m_71268,2
m_80241,2
m_82852,2
m_93320,2
m_378,2
m_3258,2
m_4474,2
m_38798,2
m_54796,2
m_73501,2
m_77881,2
m_80551,2
m_84553,2
m_86000,2
m_89030,2
m_89118,2
m_89939,2
m_91488,2
m_94130,2
m_73290,4
m_140523,4
m_5389,4
m_5613,4
m_26958,4
m_43836,4
m_50802,4
m_51834,4
m_68959,4
m_74677,4
m_80834,4
m_84847,4
m_89678,4
m_91337,4
m_93134,4
m_93988,4
m_94799,4
m_101577,4
m_107565,4
m_117133,4
m_126142,4
m_130073,4
m_136840,4
m_1128,4
m_4086,1
m_4833,0
m_149330,0
m_184931,0
m_188797,0
m_107780,2
m_4526,0
m_7101,2
m_7266,0
m_32469,0
m_60516,0
m_3406,0
m_27006,0
m_27369,0
m_66544,0
m_76060,0
m_79006,0
m_2142,1
m_8264,4
m_91869,4
m_104272,4
m_106889,4
m_120807,4
m_127164,4
m_142115,4
m_142997,4
m_146682,4
m_148667,4
m_164540,4
m_2057,1
m_2429,1
m_2477,1
m_3401,1
m_3673,1
m_3674,1
m_4445,1
m_4912,1
m_169,4
m_393,2
m_7991,4
m_27251,4
m_27368,4
m_33669,2
m_36289,4
m_39715,4
m_43928,4
m_51024,2
m_53138,2
m_53140,2
m_58297,4
m_59103,4
m_60937,4
m_61160,4
m_61289,4
m_64695,4
m_67197,4
m_69805,2
m_73804,4
m_76175,4
m_76743,4
m_80166,4
m_83480,4
m_85179,4
m_85261,4
m_90403,4
m_91353,4
m_93766,4
m_101025,4
m_101076,4
m_104129,4
m_112580,4
m_112911,4
m_116668,4
m_116724,4
m_119655,4
m_128542,4
m_144734,4
m_150993,4
m_164367,4
m_187,1
m_218,1
m_438,1
m_633,1
m_1332,1
m_1397,1
m_1454,1
m_1629,1
m_1991,1
m_2007,1
m_2241,1
m_2259,1
m_2436,1
m_2445,1
m_2506,1
m_2907,1
m_3392,1
m_3524,1
m_3678,1
m_3715,1
m_3758,1
m_4003,1
m_5839,4
m_5840,4
m_6119,4
m_8604,4
m_26308,4
m_37495,4
m_38095,4
m_48045,4
m_54372,4
m_54617,4
m_59026,4
m_68886,4
m_96945,4
m_105246,4
m_109313,4
m_111384,4
m_130498,4
m_141866,4
m_148881,4
m_154975,4
m_155288,4
m_6800,0
m_4135,3
m_4219,3
m_4442,3
m_7079,3
m_7340,3
m_26357,3
m_70336,3
m_73211,4
m_82167,3
m_99191,3
m_100306,3
m_6732,2
m_32289,2
m_47382,2
m_55250,2
m_55451,2
m_69606,2
m_74688,2
m_74868,2
m_77414,2
m_78316,2
m_80858,2
m_82152,2
m_90524,2
m_94325,2
m_95307,2
m_96975,2
m_100527,2
m_104906,2
m_109483,2
m_114601,2
m_115667,2
m_118997,2
m_128832,2
m_139747,2
m_50942,4
m_58655,4
m_73319,4
m_88672,4
m_143257,4
m_151315,4
m_4020,4
m_2570,1
m_3073,1
m_3167,1
m_2092,4
m_43679,4
m_1860,0
m_2827,0
m_5767,0
m_6294,0
m_6583,0
m_8800,0
m_87876,4
m_136556,4
m_160438,4
m_173291,4
m_445,1
m_691,1
m_2738,1
m_3130,1
m_3403,1
m_3414,1
m_3426,1
m_3449,1
m_3519,0
m_4710,0
m_4803,0
m_7840,0
m_270,2
m_284,2
m_289,2
m_990,2
m_1497,2
m_1605,2
m_1626,2
m_1652,2
m_1707,2
m_2175,2
m_2196,2
m_2269,2
m_2589,2
m_2807,2
m_3353,2
m_3824,2
m_4200,2
m_4374,2
m_4748,2
m_4991,2
m_5657,2
m_6006,2
m_6417,2
m_6577,2
m_6665,2
m_6723,2
m_6793,2
m_6994,2
m_6996,2
m_7023,2
m_7031,2
m_7032,2
m_7320,2
m_7345,2
m_7450,2
m_7782,2
m_8118,2
m_8869,2
m_581,4
m_3094,1
m_4342,4
m_7260,4
m_7615,4
m_27246,4
m_32300,4
m_32799,4
m_33649,4
m_40870,4
m_43744,4
m_55844,4
m_59549,4
m_59667,4
m_68835,4
m_69495,4
m_70637,4
m_79798,4
m_92954,4
m_96281,4
m_111913,4
m_113280,4
m_128908,4
m_129397,4
m_132454,4
m_133645,4
m_162600,4
m_163639,4
m_168026,4
m_171917,4
m_176051,4
m_177763,4
m_178615,4
m_181719,4
m_182793,4
m_183635,4
m_184997,4
m_1112,1
m_1395,1
m_2014,1
m_2040,1
m_2367,1
m_2521,1
m_2522,1
m_2639,1
m_3379,1
m_5054,1
m_5198,1
m_6506,1
m_7443,1
m_7657,4
m_8477,1
m_26159,4
m_26453,1
m_26547,4
m_26861,1
m_27002,1
m_27722,4
m_27829,1
m_27865,1
m_31664,1
m_33435,1
m_33725,0
m_41627,1
m_47721,1
m_71327,1
m_72479,1
m_80083,1
m_86142,4
m_89862,1
m_90243,1
m_95145,1
m_95147,1
m_95163,1
m_95165,1
m_95182,1
m_95499,1
m_95519,1
m_95771,1
m_95780,1
m_95965,1
m_96004,1
m_107999,1
m_108090,1
m_108192,1
m_128736,1
m_132362,1
m_135456,1
m_135787,1
m_137859,1
m_151781,1
m_170355,1
m_176419,1
m_178129,1
m_179053,1
m_181315,1
m_2162,1
m_2642,1
m_4109,1
m_4317,1
m_4676,1
m_6558,1
m_6750,1
m_8261,1
m_25905,1
m_25923,1
m_25947,1
m_59131,1
m_141846,4
m_53,1
m_77,1
m_99,1
m_108,1
m_121,1
m_166,1
m_184,1
m_206,1
m_301,1
m_302,1
m_388,1
m_423,1
m_426,1
m_495,1
m_506,1
m_526,1
m_602,1
m_759,1
m_766,1
m_803,1
m_1051,1
m_1176,1
m_1190,1
m_1310,1
m_1349,1
m_1415,1
m_1475,1
m_1549,1
m_1613,1
m_1699,1
m_1759,1
m_1904,1
m_1922,1
m_2024,1
m_2068,1
m_2104,1
m_2165,1
m_2283,1
m_2304,1
m_2435,1
m_2439,1
m_2500,1
m_2512,1
m_2593,1
m_2609,1
m_2630,1
m_2633,1
m_2747,1
m_2829,1
m_2844,1
m_2865,1
m_2972,1
m_3002,1
m_3165,1
m_3223,1
m_3303,1
m_3344,1
m_3374,1
m_3459,1
m_3531,1
m_3539,1
m_3571,1
m_3576,1
m_3580,1
m_3586,1
m_3637,1
m_3655,1
m_3792,1
m_4390,1
m_4424,1
m_4426,1
m_4428,1
m_4695,1
m_4766,1
m_4773,1
m_4789,1
m_1654,2
m_8743,2
m_62376,2
m_66240,2
m_72982,2
m_68,1
m_156,1
m_263,1
m_305,1
m_444,1
m_461,1
m_563,1
m_573,1
m_583,1
m_632,1
m_639,1
m_645,1
m_795,1
m_937,1
m_961,1
m_1117,1
m_1156,1
m_1306,1
m_1417,1
m_1493,1
m_1554,1
m_1829,1
m_1857,1
m_2156,1
m_2177,1
m_2201,1
m_2388,1
m_2481,1
m_2503,1
m_2622,1
m_2897,1
m_3010,1
m_3127,1
m_3179,1
m_3289,1
m_3295,1
m_3325,1
m_3581,1
m_3587,1
m_3640,1
m_3684,1
m_3808,1
m_3920,1
m_4252,1
m_4285,1
m_4296,1
m_4357,1
m_4395,1
m_4506,1
m_4615,1
m_4671,1
m_4689,1
m_4690,1
m_4794,4
m_4802,1
m_4828,1
m_4840,1
m_4847,1
m_4883,1
m_5269,1
m_5372,1
m_5499,1
m_5503,1
m_5512,1
m_5550,1
m_5614,1
m_5733,1
m_5741,1
m_5742,1
m_5849,1
m_5856,1
m_5975,1
m_5990,1
m_6070,1
m_6107,1
m_6111,1
m_6140,1
m_6202,1
m_6237,1
m_6308,1
m_6376,1
m_6415,1
m_6516,1
m_6553,1
m_6573,1
m_6578,1
m_6644,1
m_6671,1
m_6782,1
m_6789,1
m_6803,1
m_6961,1
m_7037,1
m_7067,1
m_7115,1
m_7344,1
m_7487,1
m_7916,1
m_8035,1
m_8454,1
m_8456,1
m_8487,1
m_8601,1
m_8685,1
m_8848,1
m_8916,1
m_8933,1
m_25805,1
m_25833,1
m_25946,1
m_26038,1
m_26152,1
m_26394,1
m_26422,1
m_26527,1
m_26599,1
m_26777,1
m_26796,1
m_26875,1
m_26985,1
m_27178,1
m_27255,1
m_27627,1
m_27644,1
m_27744,1
m_30994,1
m_31309,1
m_31973,1
m_32234,1
m_32600,1
m_32620,1
m_32649,1
m_32728,1
m_32862,1
m_33237,1
m_33310,1
m_41014,1
m_44189,1
m_44301,1
m_45732,1
m_47202,1
m_48032,1
m_48214,1
m_51314,1
m_56333,1
m_68872,1
m_69224,1
m_241,1
m_366,1
m_891,1
m_1975,1
m_2737,1
m_3109,1
m_809,0
m_1609,0
m_2153,0
m_4876,0
m_5065,0
m_5901,0
m_7377,0
m_8667,0
m_27839,0
m_31221,0
m_32302,0
m_49284,0
m_3425,4
m_4574,4
m_5136,4
m_5953,4
m_6095,4
m_6387,4
m_7108,4
m_7307,4
m_7984,4
m_26169,4
m_26399,4
m_26401,4
m_26413,4
m_26542,4
m_26603,4
m_26612,4
m_26681,4
m_26765,4
m_27032,4
m_27441,4
m_27480,4
m_27584,4
m_27905,4
m_31086,4
m_34450,4
m_34532,4
m_36850,4
m_36931,4
m_39801,4
m_41712,4
m_42946,4
m_43289,4
m_44597,4
m_51927,4
m_52831,4
m_53022,4
m_53435,4
m_54910,4
m_55067,4
m_55492,4
m_56336,4
m_57421,4
m_57637,4
m_58870,4
m_58964,4
m_58975,4
m_59727,4
m_59915,4
m_60303,4
m_60471,4
m_60941,4
m_61319,4
m_63179,4
m_63826,4
m_64010,4
m_66310,4
m_67168,4
m_70206,4
m_70208,4
m_70946,4
m_71732,4
m_72142,4
m_73569,4
m_73876,4
m_74370,4
m_75395,4
m_76091,4
m_77893,4
m_77931,4
m_78626,4
m_79501,4
m_80094,4
m_81132,4
m_81520,4
m_82366,4
m_82765,4
m_85788,4
m_86898,4
m_89028,4
m_89072,4
m_89281,4
m_89582,4
m_89837,4
m_91233,4
m_92309,4
m_93819,4
m_94867,4
m_94896,4
m_96815,4
m_96832,4
m_97188,4
m_97285,4
m_98061,4
m_98633,4
m_99030,4
m_100159,4
m_100397,4
m_100579,4
m_100906,4
m_101739,4
m_102066,4
m_102338,4
m_102760,4
m_103219,4
m_103483,4
m_103685,4
m_104457,4
m_104944,4
m_107069,4
m_107447,4
m_107462,4
m_107771,4
m_110281,4
m_110286,4
m_110591,4
m_110746,4
m_111551,4
m_111663,4
m_113159,4
m_113313,4
m_113565,4
m_113862,4
m_114044,4
m_114670,4
m_115727,4
m_117867,4
m_118082,4
m_128838,4
m_129313,4
m_130052,4
m_130840,4
m_133832,4
m_135534,4
m_135803,4
m_135815,4
m_136016,4
m_136602,4
m_138632,4
m_140267,4
m_141400,4
m_141799,4
m_142420,4
m_142598,4
m_146309,4
m_147657,4
m_148166,4
m_149011,4
m_152372,4
m_155064,4
m_156726,4
m_158721,4
m_160527,4
m_163937,4
m_163981,4
